ds,y,Volume
2018-01-02,40.52433395385742,102223600
2018-01-03,40.51728439331055,118071600
2018-01-04,40.70549392700195,89738400
2018-01-05,41.16892623901367,94640000
2018-01-08,41.01601791381836,82271200
2018-01-09,41.01131820678711,86336000
2018-01-10,41.00191116333008,95839600
2018-01-11,41.23479461669922,74670800
2018-01-12,41.66061019897461,101672400
2018-01-16,41.448883056640625,118263600
2018-01-17,42.13346481323242,137547200
2018-01-18,42.17110061645508,124773600
2018-01-19,41.9828987121582,129700400
2018-01-22,41.63943862915039,108434400
2018-01-23,41.64883804321289,130756400
2018-01-24,40.98543930053711,204420400
2018-01-25,40.25381088256836,166116000
2018-01-26,40.3479118347168,156572000
2018-01-29,39.51276779174805,202561600
2018-01-30,39.27986145019531,184192800
2018-01-31,39.388084411621094,129915600
2018-02-01,39.47041702270508,188923200
2018-02-02,37.75779724121094,346375200
2018-02-05,36.81442642211914,290954000
2018-02-06,38.35297775268555,272975200
2018-02-07,37.531944274902344,206434400
2018-02-08,36.499210357666016,217562000
2018-02-09,36.945640563964844,282690400
2018-02-12,38.433773040771484,243278000
2018-02-13,38.818782806396484,130196800
2018-02-14,39.534507751464844,162579600
2018-02-15,40.86200714111328,204588800
2018-02-16,40.7297248840332,160704400
2018-02-20,40.59272384643555,135722000
2018-02-21,40.40848159790039,149886400
2018-02-22,40.74626541137695,123967600
2018-02-23,41.454891204833984,135249600
2018-02-26,42.27454376220703,152648800
2018-02-27,42.13753890991211,155712400
2018-02-28,42.073768615722656,151128400
2018-03-01,41.33677673339844,195208000
2018-03-02,41.622581481933594,153816000
2018-03-05,41.76668930053711,113605600
2018-03-06,41.73126220703125,95154000
2018-03-07,41.343868255615234,126814000
2018-03-08,41.79503631591797,95096400
2018-03-09,42.51310729980469,128740800
2018-03-12,42.92411422729492,128828400
2018-03-13,42.5107536315918,126774000
2018-03-14,42.149356842041016,117473600
2018-03-15,42.19895935058594,90975200
2018-03-16,42.050140380859375,157618800
2018-03-19,41.40763854980469,133787200
2018-03-20,41.39348220825195,78597600
2018-03-21,40.45572280883789,148219600
2018-03-22,39.88409423828125,165963200
2018-03-23,38.960514068603516,164115200
2018-03-26,40.81004333496094,150164800
2018-03-27,39.76362991333008,163690400
2018-03-28,39.32427215576172,166674000
2018-03-29,39.63134765625,153594000
2018-04-02,39.37151336669922,150347200
2018-04-03,39.77542495727539,121112000
2018-04-04,40.53602981567383,138422000
2018-04-05,40.81711959838867,107732800
2018-04-06,39.773075103759766,140021200
2018-04-09,40.167545318603516,116070800
2018-04-10,40.92340850830078,113634400
2018-04-11,40.73208236694336,89726400
2018-04-12,41.13365173339844,91557200
2018-04-13,41.273006439208984,100497200
2018-04-16,41.530487060546875,86313600
2018-04-17,42.10210037231445,106421600
2018-04-18,42.00761795043945,83018000
2018-04-19,40.81711959838867,139235200
2018-04-20,39.144752502441406,261964400
2018-04-23,39.03137969970703,146062000
2018-04-24,38.48808670043945,134768000
2018-04-25,38.65580749511719,113528400
2018-04-26,38.790435791015625,111852000
2018-04-27,38.34164810180664,142623200
2018-04-30,39.036094665527344,169709600
2018-05-01,39.94314956665039,214277600
2018-05-02,41.70763397216797,266157600
2018-05-03,41.783226013183594,136272800
2018-05-04,43.42252731323242,224805200
2018-05-07,43.73667526245117,169805600
2018-05-08,43.9469108581543,113611200
2018-05-09,44.25634765625,92844800
2018-05-10,44.88938903808594,111957200
2018-05-11,44.71865463256836,104848800
2018-05-14,44.61433029174805,83115200
2018-05-15,44.20884323120117,94780800
2018-05-16,44.621421813964844,76732400
2018-05-17,44.33926773071289,69176000
2018-05-18,44.17802810668945,73190800
2018-05-21,44.49102783203125,73603200
2018-05-22,44.37957763671875,60962800
2018-05-23,44.664119720458984,80233600
2018-05-24,44.61433029174805,92936000
2018-05-25,44.71628952026367,69844000
2018-05-29,44.55503463745117,90056400
2018-05-30,44.460205078125,74762000
2018-05-31,44.3108024597168,109931200
2018-06-01,45.109901428222656,93770000
2018-06-04,45.48692321777344,105064800
2018-06-05,45.8378791809082,86264000
2018-06-06,45.996734619140625,83734400
2018-06-07,45.87345504760742,85388800
2018-06-08,45.456092834472656,106627200
2018-06-11,45.34465789794922,73234000
2018-06-12,45.5936393737793,67644400
2018-06-13,45.2189826965332,86553600
2018-06-14,45.24269485473633,86440400
2018-06-15,44.77793884277344,246876800
2018-06-18,44.754234313964844,73939600
2018-06-19,44.031009674072266,134314000
2018-06-20,44.223079681396484,82514800
2018-06-21,43.976470947265625,102847600
2018-06-22,43.84841537475586,108801600
2018-06-25,43.19633865356445,126652400
2018-06-26,43.73223114013672,98276800
2018-06-27,43.668212890625,101141200
2018-06-28,43.98595428466797,69460800
2018-06-29,43.89348220825195,90950800
2018-07-02,44.38431930541992,70925200
2018-07-03,43.6113166809082,55819200
2018-07-05,43.96224594116211,66416800
2018-07-06,44.57164001464844,69940800
2018-07-09,45.19053268432617,79026400
2018-07-10,45.135986328125,63756400
2018-07-11,44.55030059814453,75326000
2018-07-12,45.297237396240234,72164400
2018-07-13,45.36837387084961,50055600
2018-07-16,45.268775939941406,60172400
2018-07-17,45.396827697753906,62138000
2018-07-18,45.14785385131836,65573600
2018-07-19,45.49879455566406,81147200
2018-07-20,45.39445877075195,82704800
2018-07-23,45.43476104736328,63957600
2018-07-24,45.76435470581055,74791600
2018-07-25,46.195926666259766,66839600
2018-07-26,46.0512809753418,76304000
2018-07-27,45.28538513183594,96096000
2018-07-30,45.031646728515625,84118000
2018-07-31,45.121761322021484,157492000
2018-08-01,47.779884338378906,271742800
2018-08-02,49.17653274536133,249616000
2018-08-03,49.31880569458008,133789600
2018-08-06,49.574893951416016,101701600
2018-08-07,49.11014938354492,102349600
2018-08-08,49.143333435058594,90102000
2018-08-09,49.52983856201172,93970400
2018-08-10,49.38230895996094,98444800
2018-08-13,49.701168060302734,103563600
2018-08-14,49.91057205200195,82992000
2018-08-15,50.027164459228516,115230400
2018-08-16,50.76005935668945,114001600
2018-08-17,51.77374267578125,141708000
2018-08-20,51.2692756652832,121150800
2018-08-21,51.16934585571289,104639200
2018-08-22,51.171722412109375,76072400
2018-08-23,51.27642822265625,75532800
2018-08-24,51.43584442138672,73905600
2018-08-27,51.85940170288086,82100400
2018-08-28,52.278194427490234,91107200
2018-08-29,53.058685302734375,109019200
2018-08-30,53.54648208618164,195175200
2018-08-31,54.165164947509766,173360400
2018-09-04,54.3388671875,109560400
2018-09-05,53.98432159423828,133332000
2018-09-06,53.08724594116211,137160000
2018-09-07,52.65892028808594,150479200
2018-09-10,51.95219802856445,158066000
2018-09-11,53.26570510864258,142996000
2018-09-12,52.60419845581055,197114800
2018-09-13,53.874874114990234,166825600
2018-09-14,53.263328552246094,127997200
2018-09-17,51.84511947631836,148780400
2018-09-18,51.930789947509766,126286800
2018-09-19,51.961727142333984,108495200
2018-09-20,52.35672378540039,106435200
2018-09-21,51.79277801513672,384986800
2018-09-24,52.537559509277344,110773600
2018-09-25,52.87070083618164,98217600
2018-09-26,52.44952392578125,95938800
2018-09-27,53.52744674682617,120724800
2018-09-28,53.71543502807617,91717600
2018-10-01,54.077117919921875,94403200
2018-10-02,54.55778121948242,99152800
2018-10-03,55.221683502197266,114619200
2018-10-04,54.25082778930664,128168000
2018-10-05,53.370399475097656,134322000
2018-10-08,53.24666213989258,118655600
2018-10-09,53.98432159423828,107564000
2018-10-10,51.483436584472656,167962400
2018-10-11,51.02894592285156,212497600
2018-10-12,52.85165786743164,161351600
2018-10-15,51.72138977050781,123164000
2018-10-16,52.86117935180664,116736000
2018-10-17,52.63275146484375,91541600
2018-10-18,51.40252685546875,130325200
2018-10-19,52.185394287109375,132314800
2018-10-22,52.504249572753906,115168400
2018-10-23,52.99919509887695,155071200
2018-10-24,51.18122863769531,163702000
2018-10-25,52.3019905090332,119423200
2018-10-26,51.469154357910156,189033600
2018-10-29,50.50306701660156,183742000
2018-10-30,50.755306243896484,146640000
2018-10-31,52.07832336425781,153435600
2018-11-01,52.87783432006836,233292800
2018-11-02,49.370418548583984,365314800
2018-11-05,47.9688720703125,264654800
2018-11-06,48.48760986328125,127531600
2018-11-07,49.958160400390625,133697600
2018-11-08,49.78384017944336,101450400
2018-11-09,48.823936462402344,137463200
2018-11-12,46.364479064941406,204542000
2018-11-13,45.9012336730957,187531600
2018-11-14,44.60464859008789,243204000
2018-11-15,45.70543670654297,185915200
2018-11-16,46.21166229248047,147713200
2018-11-19,44.38019561767578,167701200
2018-11-20,42.25979232788086,271300800
2018-11-21,42.212039947509766,124496800
2018-11-23,41.13991165161133,94496000
2018-11-26,41.69626235961914,179994000
2018-11-27,41.60554122924805,165549600
2018-11-28,43.20538330078125,184250000
2018-11-29,42.87346649169922,167080000
2018-11-30,42.64183807373047,158126000
2018-12-03,44.131858825683594,163210000
2018-12-04,42.190555572509766,165377200
2018-12-06,41.72015380859375,172393600
2018-12-07,40.23253631591797,169126400
2018-12-10,40.497581481933594,248104000
2018-12-11,40.26595687866211,189126800
2018-12-12,40.37820053100586,142510800
2018-12-13,40.8199462890625,127594400
2018-12-14,39.51380157470703,162814800
2018-12-17,39.14607620239258,177151600
2018-12-18,39.65468215942383,135366000
2018-12-19,38.41777801513672,196189200
2018-12-20,37.44832229614258,259092000
2018-12-21,35.99175262451172,382978400
2018-12-24,35.060489654541016,148676800
2018-12-26,37.52951431274414,234330000
2018-12-27,37.285945892333984,212468400
2018-12-28,37.3050537109375,169165600
2018-12-31,37.66561508178711,140014000
2019-01-02,37.70859909057617,148158800
2019-01-03,33.952545166015625,365248800
2019-01-04,35.401947021484375,234428400
2019-01-07,35.32315444946289,219111200
2019-01-08,35.99652862548828,164101200
2019-01-09,36.6077995300293,180396400
2019-01-10,36.72482681274414,143122800
2019-01-11,36.36425018310547,108092800
2019-01-14,35.81743621826172,129756800
2019-01-15,36.550506591796875,114843600
2019-01-16,36.997032165527344,122278800
2019-01-17,37.216697692871094,119284800
2019-01-18,37.44593811035156,135004000
2019-01-22,36.605411529541016,121576000
2019-01-23,36.75345993041992,92522400
2019-01-24,36.462158203125,101766000
2019-01-25,37.67039108276367,134142000
2019-01-28,37.3217658996582,104768400
2019-01-29,36.93494415283203,166348800
2019-01-30,39.45888137817383,244439200
2019-01-31,39.74302673339844,162958400
2019-02-01,39.76212692260742,130672400
2019-02-04,40.891571044921875,125982000
2019-02-05,41.59120559692383,144406400
2019-02-06,41.60554122924805,112958400
2019-02-07,40.81755828857422,126966800
2019-02-08,40.865516662597656,95280000
2019-02-11,40.6305046081543,83973600
2019-02-12,40.980621337890625,89134000
2019-02-13,40.81035614013672,89960800
2019-02-14,40.95903778076172,87342800
2019-02-15,40.86791229248047,98507200
2019-02-19,40.990211486816406,75891200
2019-02-20,41.25400161743164,104457600
2019-02-21,41.021385192871094,68998800
2019-02-22,41.47942352294922,75652800
2019-02-25,41.781578063964844,87493600
2019-02-26,41.80554962158203,68280800
2019-02-27,41.9350471496582,111341600
2019-02-28,41.522579193115234,112861600
2019-03-01,41.959022521972656,103544800
2019-03-04,42.17007827758789,109744800
2019-03-05,42.09331512451172,78949600
2019-03-06,41.85112762451172,83241600
2019-03-07,41.3667106628418,99185600
2019-03-08,41.465030670166016,95997600
2019-03-11,42.90147018432617,128044000
2019-03-12,43.38348388671875,129870400
2019-03-13,43.57533645629883,124130000
2019-03-14,44.05974578857422,94318000
2019-03-15,44.63288116455078,156171600
2019-03-18,45.08851623535156,104879200
2019-03-19,44.731201171875,126585600
2019-03-20,45.12208938598633,124140800
2019-03-21,46.78394317626953,204136800
2019-03-22,45.81513214111328,169630800
2019-03-25,45.261173248291016,175381200
2019-03-26,44.793548583984375,199202000
2019-03-27,45.1964225769043,119393600
2019-03-28,45.25637435913086,83121600
2019-03-29,45.551334381103516,94256000
2019-04-01,45.860687255859375,111448000
2019-04-02,46.5273551940918,91062800
2019-04-03,46.84629440307617,93087200
2019-04-04,46.92784881591797,76457200
2019-04-05,47.241973876953125,74106400
2019-04-08,47.985382080078125,103526800
2019-04-09,47.84149169921875,143072800
2019-04-10,48.110084533691406,86781200
2019-04-11,47.7096061706543,83603200
2019-04-12,47.6904182434082,111042800
2019-04-15,47.776756286621094,70146400
2019-04-16,47.78153991699219,102785600
2019-04-17,48.71199417114258,115627200
2019-04-18,48.88705062866211,96783200
2019-04-22,49.047725677490234,77758000
2019-04-23,49.75515365600586,93292000
2019-04-24,49.67842102050781,70162400
2019-04-25,49.227577209472656,74172800
2019-04-26,48.99257278442383,74596400
2019-04-29,49.06691360473633,88818800
2019-04-30,48.1220703125,186139600
2019-05-01,50.48417663574219,259309200
2019-05-02,50.155635833740234,127985200
2019-05-03,50.77913284301758,83569600
2019-05-06,49.994964599609375,129772400
2019-05-07,48.647247314453125,155054800
2019-05-08,48.65684127807617,105358000
2019-05-09,48.13405990600586,139634400
2019-05-10,47.46723937988281,164834800
2019-05-13,44.70846939086914,229722400
2019-05-14,45.416221618652344,146118800
2019-05-15,45.96025848388672,106178800
2019-05-16,45.758056640625,132125600
2019-05-17,45.498069763183594,131516400
2019-05-20,44.07534408569336,154449200
2019-05-21,44.920318603515625,113459200
2019-05-22,44.000728607177734,118994400
2019-05-23,43.2496452331543,146118800
2019-05-24,43.08353805541992,94858800
2019-05-28,42.90540313720703,111792800
2019-05-29,42.70077133178711,113924800
2019-05-30,42.92224884033203,84873600
2019-05-31,42.144691467285156,108174400
2019-06-03,41.71859359741211,161584400
2019-06-04,43.244815826416016,123872000
2019-06-05,43.94294738769531,119093600
2019-06-06,44.58810043334961,90105200
2019-06-07,45.774906158447266,122737600
2019-06-10,46.35988235473633,104883600
2019-06-11,46.896705627441406,107731600
2019-06-12,46.747459411621094,73012800
2019-06-13,46.73781967163086,86698400
2019-06-14,46.398406982421875,75046000
2019-06-17,46.67523193359375,58676400
2019-06-18,47.772972106933594,106204000
2019-06-19,47.633338928222656,84496800
2019-06-20,48.0161018371582,86056000
2019-06-21,47.8524169921875,191202400
2019-06-24,47.804264068603516,72881600
2019-06-25,47.07965850830078,84281200
2019-06-26,48.097957611083984,104270000
2019-06-27,48.08350372314453,83598800
2019-06-28,47.6453857421875,124442400
2019-07-01,48.51924514770508,109012000
2019-07-02,48.80329513549805,67740800
2019-07-03,49.20772933959961,45448000
2019-07-05,49.16438293457031,69062000
2019-07-08,48.150909423828125,101354400
2019-07-09,48.44459915161133,82312000
2019-07-10,48.92365646362305,71588400
2019-07-11,48.5673942565918,80767200
2019-07-12,48.94050979614258,70380800
2019-07-15,49.40031433105469,67789600
2019-07-16,49.229393005371094,67467200
2019-07-17,48.95254898071289,56430000
2019-07-18,49.508636474609375,74162400
2019-07-19,48.76958084106445,83717200
2019-07-22,49.884178161621094,89111600
2019-07-23,50.27415084838867,73420800
2019-07-24,50.23323440551758,59966400
2019-07-25,49.83602523803711,55638400
2019-07-26,50.00935363769531,70475600
2019-07-29,50.47636795043945,86693600
2019-07-30,50.25971221923828,135742800
2019-07-31,51.285221099853516,277125600
2019-08-01,50.175453186035156,216071600
2019-08-02,49.11384201049805,163448400
2019-08-05,46.54282760620117,209572000
2019-08-06,47.42390060424805,143299200
2019-08-07,47.91499710083008,133457600
2019-08-08,48.971805572509766,108038000
2019-08-09,48.56825637817383,98478800
2019-08-12,48.445011138916016,89927600
2019-08-13,50.49658966064453,188874000
2019-08-14,48.99355697631836,146189600
2019-08-15,48.74949264526367,108909600
2019-08-16,49.89971923828125,110481600
2019-08-19,50.830055236816406,97654400
2019-08-20,50.83247375488281,107537200
2019-08-21,51.383426666259766,86141600
2019-08-22,51.33992385864258,89014800
2019-08-23,48.96696853637695,187272000
2019-08-26,49.89729690551758,104174400
2019-08-27,49.33427047729492,103493200
2019-08-28,49.66532516479492,63755200
2019-08-29,50.506248474121094,83962000
2019-08-30,50.441001892089844,84573600
2019-09-03,49.70640563964844,80092000
2019-09-04,50.54974365234375,76752400
2019-09-05,51.53807067871094,95654800
2019-09-06,51.53325271606445,77449200
2019-09-09,51.753135681152344,109237600
2019-09-10,52.36450958251953,127111600
2019-09-11,54.02943420410156,177158400
2019-09-12,53.90861892700195,128906800
2019-09-13,52.85987091064453,159053200
2019-09-16,53.13776779174805,84632400
2019-09-17,53.331077575683594,73274800
2019-09-18,53.831295013427734,101360000
2019-09-19,53.393917083740234,88242400
2019-09-20,52.61339569091797,221652400
2019-09-23,52.85263442993164,76662000
2019-09-24,52.60131072998047,124763200
2019-09-25,53.41082763671875,87613600
2019-09-26,53.135345458984375,75334000
2019-09-27,52.87678527832031,101408000
2019-09-30,54.12126541137695,103909600
2019-10-01,54.271080017089844,139223200
2019-10-02,52.910614013671875,138449200
2019-10-03,53.360084533691406,114426000
2019-10-04,54.85585403442383,138478800
2019-10-07,54.86794662475586,122306000
2019-10-08,54.22516632080078,111820000
2019-10-09,54.860694885253906,74770400
2019-10-10,55.600135803222656,113013600
2019-10-11,57.07899856567383,166795600
2019-10-14,56.996829986572266,96427600
2019-10-15,56.86394119262695,87360000
2019-10-16,56.634376525878906,73903200
2019-10-17,56.85426330566406,67585200
2019-10-18,57.12732696533203,97433600
2019-10-21,58.118072509765625,87247200
2019-10-22,57.98517608642578,82293600
2019-10-23,58.76326370239258,75828800
2019-10-24,58.859928131103516,69275200
2019-10-25,59.58485794067383,73477200
2019-10-28,60.18172073364258,96572800
2019-10-29,58.78984832763672,142839600
2019-10-30,58.782588958740234,124522000
2019-10-31,60.11164474487305,139162000
2019-11-01,61.81766128540039,151125200
2019-11-04,62.2236213684082,103272000
2019-11-05,62.134212493896484,79897600
2019-11-06,62.16079330444336,75864400
2019-11-07,62.87822341918945,94940400
2019-11-08,63.05030059814453,69986400
2019-11-11,63.54957962036133,81821200
2019-11-12,63.491397857666016,87388800
2019-11-13,64.0997543334961,102734400
2019-11-14,63.656219482421875,89182800
2019-11-15,64.41241455078125,100206400
2019-11-18,64.7371826171875,86703200
2019-11-19,64.54087829589844,76167200
2019-11-20,63.78953552246094,106234400
2019-11-21,63.503536224365234,121395200
2019-11-22,63.447776794433594,65325200
2019-11-25,64.56027221679688,84020400
2019-11-26,64.0561294555664,105207600
2019-11-27,64.91655731201172,65235600
2019-11-29,64.7735595703125,46617600
2019-12-02,64.02461242675781,94487200
2019-12-03,62.8830680847168,114430400
2019-12-04,63.43807601928711,67181600
2019-12-05,64.36880493164062,74424400
2019-12-06,65.61215209960938,106075600
2019-12-09,64.69357299804688,128042400
2019-12-10,65.0716781616211,90420400
2019-12-11,65.62669372558594,78756800
2019-12-12,65.79395294189453,137310400
2019-12-13,66.68827819824219,133587600
2019-12-16,67.82982635498047,128186000
2019-12-17,67.96315002441406,114158400
2019-12-18,67.80075073242188,116028400
2019-12-19,67.8686294555664,98369200
2019-12-20,67.72804260253906,275978000
2019-12-23,68.83326721191406,98572000
2019-12-24,68.89868927001953,48478800
2019-12-26,70.26567840576172,93121200
2019-12-27,70.239013671875,146266000
2019-12-30,70.6558837890625,144114400
2019-12-31,71.17211151123047,100805600
2020-01-02,72.7960205078125,135480400
2020-01-03,72.08830261230469,146322800
2020-01-06,72.6627197265625,118387200
2020-01-07,72.32095336914062,108872000
2020-01-08,73.48435974121094,132079200
2020-01-09,75.04521179199219,170108400
2020-01-10,75.2148666381836,140644800
2020-01-13,76.82181549072266,121532000
2020-01-14,75.78445434570312,161954400
2020-01-15,75.45967102050781,121923600
2020-01-16,76.40491485595703,108829200
2020-01-17,77.25080108642578,137816400
2020-01-21,76.72727966308594,110843200
2020-01-22,77.00116729736328,101832400
2020-01-23,77.37198638916016,104472000
2020-01-24,77.14901733398438,146537600
2020-01-27,74.88040924072266,161940000
2020-01-28,76.99873352050781,162234000
2020-01-29,78.61050415039062,216229200
2020-01-30,78.49656677246094,126743200
2020-01-31,75.01614379882812,199588400
2020-02-03,74.81011199951172,173788400
2020-02-04,77.2798843383789,136616400
2020-02-05,77.91004180908203,118826800
2020-02-06,78.82134246826172,105425600
2020-02-07,77.74994659423828,117684000
2020-02-10,78.11923217773438,109348800
2020-02-11,77.64791870117188,94323200
2020-02-12,79.49188995361328,113730400
2020-02-13,78.92581939697266,94747600
2020-02-14,78.94524383544922,80113600
2020-02-18,77.49971771240234,152531200
2020-02-19,78.62211608886719,93984000
2020-02-20,77.81555938720703,100566000
2020-02-21,76.05418395996094,129554000
2020-02-24,72.44158172607422,222195200
2020-02-25,69.98784637451172,230673600
2020-02-26,71.09810638427734,198054800
2020-02-27,66.45054626464844,320605600
2020-02-28,66.41168212890625,426510000
2020-03-02,72.59463500976562,341397200
2020-03-03,70.28910064697266,319475600
2020-03-04,73.54943084716797,219178400
2020-03-05,71.16371154785156,187572800
2020-03-06,70.21864318847656,226176800
2020-03-09,64.66488647460938,286744800
2020-03-10,69.32217407226562,285290000
2020-03-11,66.91456604003906,255598800
2020-03-12,60.30644226074219,418474000
2020-03-13,67.53164672851562,370732000
2020-03-16,58.84391403198242,322423600
2020-03-17,61.4312858581543,324056000
2020-03-18,59.927452087402344,300233600
2020-03-19,59.468292236328125,271857200
2020-03-20,55.69290542602539,401693200
2020-03-23,54.5097541809082,336752800
2020-03-24,59.97846984863281,287531200
2020-03-25,59.6480712890625,303602000
2020-03-26,62.78691482543945,252087200
2020-03-27,60.18740463256836,204216800
2020-03-30,61.905025482177734,167976400
2020-03-31,61.7786979675293,197002000
2020-04-01,58.52809143066406,176218400
2020-04-02,59.504722595214844,165934000
2020-04-03,58.649559020996094,129880000
2020-04-06,63.766014099121094,201820400
2020-04-07,63.02744674682617,202887200
2020-04-08,64.64058685302734,168895200
2020-04-09,65.1070556640625,161834800
2020-04-13,66.38494873046875,131022800
2020-04-14,69.73758697509766,194994800
2020-04-15,69.10108184814453,131154400
2020-04-16,69.65013885498047,157125200
2020-04-17,68.70509338378906,215250000
2020-04-20,67.27897644042969,130015200
2020-04-21,65.19937133789062,180991600
2020-04-22,67.07734680175781,116862400
2020-04-23,66.81739044189453,124814400
2020-04-24,68.74637603759766,126161200
2020-04-27,68.79497528076172,117087600
2020-04-28,67.67987060546875,112004800
2020-04-29,69.90281677246094,137280800
2020-04-30,71.37747955322266,183064000
2020-05-01,70.22835540771484,240616800
2020-05-04,71.22198486328125,133568000
2020-05-05,72.29093933105469,147751200
2020-05-06,73.03680419921875,142333600
2020-05-07,73.7923583984375,115215200
2020-05-08,75.54875946044922,133838400
2020-05-11,76.73754119873047,145946400
2020-05-12,75.8605728149414,162301200
2020-05-13,74.9446029663086,200622400
2020-05-14,75.40502166748047,158929200
2020-05-15,74.95924377441406,166348400
2020-05-18,76.72535705566406,135178400
2020-05-19,76.2820053100586,101729600
2020-05-20,77.76555633544922,111504800
2020-05-21,77.18577575683594,102688800
2020-05-22,77.68272399902344,81803200
2020-05-26,77.15653228759766,125522000
2020-05-27,77.49269104003906,112945200
2020-05-28,77.52680206298828,133560800
2020-05-29,77.45130157470703,153532400
2020-06-01,78.4037857055664,80791200
2020-06-02,78.7667465209961,87642800
2020-06-03,79.20035552978516,104491200
2020-06-04,78.5182876586914,87560400
2020-06-05,80.75456237792969,137250400
2020-06-08,81.23202514648438,95654400
2020-06-09,83.79718017578125,147712400
2020-06-10,85.95306396484375,166651600
2020-06-11,81.82640838623047,201662400
2020-06-12,82.5328369140625,200146000
2020-06-15,83.55355072021484,138808800
2020-06-16,85.76790618896484,165428800
2020-06-17,85.64854431152344,114406400
2020-06-18,85.68267059326172,96820400
2020-06-19,85.19300079345703,264476000
2020-06-22,87.42195892333984,135445200
2020-06-23,89.28799438476562,212155600
2020-06-24,87.71187591552734,192623200
2020-06-25,88.87630462646484,137522400
2020-06-26,86.1455078125,205256800
2020-06-29,88.13086700439453,130646000
2020-06-30,88.86654663085938,140223200
2020-07-01,88.69845581054688,110737200
2020-07-02,88.69845581054688,114041600
2020-07-06,91.07115173339844,118655600
2020-07-07,90.78858184814453,112424400
2020-07-08,92.90306091308594,117092000
2020-07-09,93.30258178710938,125642800
2020-07-10,93.4657974243164,90257200
2020-07-13,93.03460693359375,191649200
2020-07-14,94.57418823242188,170989200
2020-07-15,95.2245864868164,153198000
2020-07-16,94.0528793334961,110577600
2020-07-17,93.86286163330078,92186800
2020-07-20,95.84090423583984,90318000
2020-07-21,94.51815795898438,103433200
2020-07-22,94.78369140625,89001600
2020-07-23,90.469482421875,197004400
2020-07-24,90.24535369873047,185438800
2020-07-27,92.3841781616211,121214000
2020-07-28,90.86654663085938,103625600
2020-07-29,92.60830688476562,90329200
2020-07-30,93.72888946533203,158130000
2020-07-31,103.5412368774414,374336800
2020-08-03,106.15020751953125,308151200
2020-08-04,106.85913848876953,173071600
2020-08-05,107.24645233154297,121776800
2020-08-06,110.98818969726562,202428800
2020-08-07,108.46477508544922,198045600
2020-08-10,110.04130554199219,212403600
2020-08-11,106.76866912841797,187902400
2020-08-12,110.31706237792969,165598000
2020-08-13,112.2694320678711,210082000
2020-08-14,112.1693344116211,165565200
2020-08-17,111.87649536132812,119561600
2020-08-18,112.80874633789062,105633600
2020-08-19,112.9502944946289,145538000
2020-08-20,115.45661163330078,126907200
2020-08-21,121.4063949584961,338054800
2020-08-24,122.85843658447266,345937600
2020-08-25,121.85052490234375,211495600
2020-08-26,123.50758361816406,163022400
2020-08-27,122.03112030029297,155552400
2020-08-28,121.83343505859375,187630000
2020-08-31,125.965087890625,225702700
2020-09-01,130.9825897216797,151948100
2020-09-02,128.26882934570312,200119000
2020-09-03,117.99954223632812,257599600
2020-09-04,118.07763671875,332607200
2020-09-08,110.131591796875,231366600
2020-09-09,114.52435302734375,176940500
2020-09-10,110.7856216430664,182274400
2020-09-11,109.33113098144531,180860300
2020-09-14,112.611083984375,140150100
2020-09-15,112.78678894042969,184642000
2020-09-16,109.45803833007812,154679000
2020-09-17,107.71068572998047,178011000
2020-09-18,104.29410552978516,287104900
2020-09-21,107.45687866210938,195713800
2020-09-22,109.1456527709961,183055400
2020-09-23,104.56742095947266,150718700
2020-09-24,105.64120483398438,167743300
2020-09-25,109.6044692993164,149981400
2020-09-28,112.22058868408203,137672400
2020-09-29,111.371337890625,99382200
2020-09-30,113.05033874511719,142675200
2020-10-01,114.00700378417969,116120400
2020-10-02,110.32684326171875,144712000
2020-10-05,113.72389221191406,106243800
2020-10-06,110.46351623535156,161498200
2020-10-07,112.33773040771484,96849000
2020-10-08,112.23036193847656,83477200
2020-10-09,114.18270111083984,100506900
2020-10-12,121.43565368652344,240226800
2020-10-13,118.21429443359375,262330500
2020-10-14,118.30213928222656,150712000
2020-10-15,117.83358001708984,112559200
2020-10-16,116.18385314941406,115393800
2020-10-19,113.21630859375,120639300
2020-10-20,114.70984649658203,124423700
2020-10-21,114.08509063720703,89946000
2020-10-22,112.99178314208984,101988000
2020-10-23,112.29869842529297,82572600
2020-10-26,112.30846405029297,111850700
2020-10-27,113.82151794433594,92276800
2020-10-28,108.5501937866211,143937800
2020-10-29,112.572021484375,146129200
2020-10-30,106.2659683227539,190272600
2020-11-02,106.1780776977539,122866900
2020-11-03,107.80831146240234,107624400
2020-11-04,112.2108383178711,138235500
2020-11-05,116.19361114501953,126387100
2020-11-06,116.06160736083984,114457900
2020-11-09,113.74409484863281,154515300
2020-11-10,113.4018325805664,138023400
2020-11-11,116.84388732910156,112295000
2020-11-12,116.57009887695312,103162300
2020-11-13,116.61898803710938,81581900
2020-11-16,117.63595581054688,91183000
2020-11-17,116.74610137939453,74271000
2020-11-18,115.41622161865234,76322100
2020-11-19,116.0127182006836,74113000
2020-11-20,114.74149322509766,73604300
2020-11-23,111.32879638671875,127959300
2020-11-24,112.61956024169922,113874200
2020-11-25,113.46050262451172,76499200
2020-11-27,114.00812530517578,46691300
2020-11-30,116.41365051269531,169410200
2020-12-01,120.00237274169922,127728200
2020-12-02,120.35438537597656,89004200
2020-12-03,120.21749114990234,78967600
2020-12-04,119.54277801513672,78260400
2020-12-07,121.00955200195312,86712000
2020-12-08,121.62560272216797,82225500
2020-12-09,119.08319091796875,115089200
2020-12-10,120.51083374023438,81312200
2020-12-11,119.6992416381836,86939800
2020-12-14,119.08319091796875,79184500
2020-12-15,125.04808807373047,157243700
2020-12-16,124.97965240478516,98208600
2020-12-17,125.84992980957031,94359800
2020-12-18,123.85511779785156,192541500
2020-12-21,125.39032745361328,121251600
2020-12-22,128.95950317382812,168904800
2020-12-23,128.05990600585938,88223700
2020-12-24,129.04751586914062,54930100
2020-12-28,133.66299438476562,124486200
2020-12-29,131.88327026367188,121047300
2020-12-30,130.7587890625,96452100
2020-12-31,129.7515869140625,99116600
2021-01-04,126.54424285888672,143301900
2021-01-05,128.10877990722656,97664900
2021-01-06,123.79644775390625,155088000
2021-01-07,128.02078247070312,109578200
2021-01-08,129.1257781982422,105158200
2021-01-11,126.12373352050781,100384500
2021-01-12,125.94771575927734,91951100
2021-01-13,127.99141693115234,88636800
2021-01-14,126.05530548095703,90221800
2021-01-15,124.32447814941406,111598500
2021-01-19,124.99920654296875,90757300
2021-01-20,129.1061553955078,104319500
2021-01-21,133.83901977539062,120150900
2021-01-22,135.9903106689453,114459400
2021-01-25,139.7550506591797,157611700
2021-01-26,139.98971557617188,98390600
2021-01-27,138.91409301757812,140843800
2021-01-28,134.0541534423828,142621100
2021-01-29,129.03773498535156,177523800
2021-02-01,131.1694793701172,106239800
2021-02-02,132.0006561279297,83305400
2021-02-03,130.97390747070312,89880900
2021-02-04,134.3474884033203,84183100
2021-02-05,133.9312744140625,75693800
2021-02-08,134.0781707763672,71297200
2021-02-09,133.19680786132812,76774200
2021-02-10,132.58961486816406,73046600
2021-02-11,132.3350067138672,64280000
2021-02-12,132.57005310058594,60145100
2021-02-16,130.4351043701172,80576300
2021-02-17,128.1337432861328,97918500
2021-02-18,127.02711486816406,96856700
2021-02-19,127.18377685546875,87668800
2021-02-22,123.39383697509766,103916400
2021-02-23,123.25672149658203,158273000
2021-02-24,122.75728607177734,111039900
2021-02-25,118.48748016357422,148199500
2021-02-26,118.75186920166016,164560400
2021-03-01,125.14681243896484,116307900
2021-03-02,122.53205108642578,102260900
2021-03-03,119.53531646728516,112966300
2021-03-04,117.64525604248047,178155000
2021-03-05,118.90856170654297,153766600
2021-03-08,113.95323181152344,154376600
2021-03-09,118.58538818359375,129525800
2021-03-10,117.49836730957031,111943300
2021-03-11,119.43739318847656,103026500
2021-03-12,118.5266342163086,88105100
2021-03-15,121.42539978027344,92403800
2021-03-16,122.97274780273438,115227900
2021-03-17,122.17949676513672,111932600
2021-03-18,118.03697204589844,121229700
2021-03-19,117.50816345214844,185549500
2021-03-22,120.83782196044922,111912300
2021-03-23,120.00540161132812,95467100
2021-03-24,117.6060791015625,88530500
2021-03-25,118.09573364257812,98844700
2021-03-26,118.70291137695312,94071200
2021-03-29,118.87920379638672,80819200
2021-03-30,117.41999816894531,85671900
2021-03-31,119.62348175048828,118323800
2021-04-01,120.4559097290039,75089100
2021-04-05,123.29591369628906,88651200
2021-04-06,123.59950256347656,80171300
2021-04-07,125.25454711914062,83466700
2021-04-08,127.66365051269531,88844600
2021-04-09,130.24905395507812,106686700
2021-04-12,128.52545166015625,91420000
2021-04-13,131.6494598388672,91266500
2021-04-14,129.29908752441406,87222800
2021-04-15,131.7180633544922,89347100
2021-04-16,131.3850555419922,84922400
2021-04-19,132.05101013183594,94264200
2021-04-20,130.35678100585938,94812300
2021-04-21,130.7387237548828,68847100
2021-04-22,129.2110137939453,84566500
2021-04-23,131.54176330566406,78657500
2021-04-26,131.9334716796875,66905100
2021-04-27,131.61032104492188,66015800
2021-04-28,130.8170623779297,107760100
2021-04-29,130.71910095214844,151101000
2021-04-30,128.7409210205078,109839500
2021-05-03,129.79855346679688,75135100
2021-05-04,125.20556640625,137564700
2021-05-05,125.45040893554688,84000900
2021-05-06,127.05648040771484,78128300
2021-05-07,127.7333755493164,78973300
2021-05-10,124.43727111816406,88071200
2021-05-11,123.51515197753906,126142800
2021-05-12,120.43486022949219,112172300
2021-05-13,122.59303283691406,105861300
2021-05-14,125.0258560180664,81918000
2021-05-17,123.86830139160156,74244600
2021-05-18,122.47531127929688,63342900
2021-05-19,122.31836700439453,92612000
2021-05-20,124.8885269165039,76857100
2021-05-21,123.04427337646484,79295400
2021-05-24,124.68252563476562,63092900
2021-05-25,124.486328125,72009500
2021-05-26,124.43727111816406,56575900
2021-05-27,122.89713287353516,94625600
2021-05-28,122.23986053466797,71311100
2021-06-01,121.91615295410156,67637100
2021-06-02,122.68131256103516,59278900
2021-06-03,121.19023895263672,76229200
2021-06-04,123.49552917480469,75169300
2021-06-07,123.50534057617188,71057600
2021-06-08,124.3293685913086,74403800
2021-06-09,124.7119369506836,56877900
2021-06-10,123.71134185791016,71186400
2021-06-11,124.92776489257812,53522400
2021-06-14,127.99822998046875,96906500
2021-06-15,127.1742172241211,62746300
2021-06-16,127.67449188232422,91815000
2021-06-17,129.28330993652344,96721700
2021-06-18,127.97858428955078,108953300
2021-06-21,129.7836151123047,79663300
2021-06-22,131.43162536621094,74783600
2021-06-23,131.156982421875,60214200
2021-06-24,130.87246704101562,68711000
2021-06-25,130.57818603515625,70783700
2021-06-28,132.21646118164062,62111300
2021-06-29,133.73699951171875,64556100
2021-06-30,134.35498046875,63261400
2021-07-01,134.65908813476562,52485800
2021-07-02,137.29791259765625,78852600
2021-07-06,139.31869506835938,108181800
2021-07-07,141.8202667236328,104911600
2021-07-08,140.5155487060547,105575500
2021-07-09,142.34996032714844,99890800
2021-07-12,141.75157165527344,76299700
2021-07-13,142.86985778808594,100827100
2021-07-14,146.31312561035156,127050800
2021-07-15,145.65582275390625,106820300
2021-07-16,143.60562133789062,93251400
2021-07-19,139.74057006835938,121434600
2021-07-20,143.37017822265625,96350000
2021-07-21,142.63441467285156,74993500
2021-07-22,144.0078125,77338200
2021-07-23,145.73431396484375,71447400
2021-07-26,146.15618896484375,72434100
2021-07-27,143.97840881347656,104818600
2021-07-28,142.222412109375,118931200
2021-07-29,142.86985778808594,56699500
2021-07-30,143.08567810058594,70440600
2021-08-02,142.75216674804688,62880000
2021-08-03,144.55714416503906,64786600
2021-08-04,144.15496826171875,56368300
2021-08-05,144.2628631591797,46397700
2021-08-06,143.57513427734375,54126800
2021-08-09,143.5260467529297,48908700
2021-08-10,143.04464721679688,69023100
2021-08-11,143.30006408691406,48493500
2021-08-12,146.27688598632812,72282600
2021-08-13,146.48321533203125,59375000
2021-08-16,148.46774291992188,103296000
2021-08-17,147.55409240722656,92229700
2021-08-18,143.79129028320312,86326000
2021-08-19,144.12533569335938,86960300
2021-08-20,145.58920288085938,60549600
2021-08-23,147.08250427246094,60131800
2021-08-24,146.99404907226562,48606400
2021-08-25,145.75619506835938,58991300
2021-08-26,144.9505615234375,48597200
2021-08-27,145.99197387695312,55802400
2021-08-30,150.43264770507812,90956700
2021-08-31,149.16531372070312,86453100
2021-09-01,149.8333282470703,80313700
2021-09-02,150.95333862304688,71115500
2021-09-03,151.5919647216797,57808700
2021-09-07,153.9400177001953,82278300
2021-09-08,152.3877410888672,74420200
2021-09-09,151.36599731445312,57305700
2021-09-10,146.3555145263672,140893200
2021-09-13,146.92530822753906,102404300
2021-09-14,145.5204315185547,109296300
2021-09-15,146.41444396972656,83281300
2021-09-16,146.17864990234375,68034100
2021-09-17,143.49655151367188,129868800
2021-09-20,140.43133544921875,123478900
2021-09-21,140.9127197265625,75834000
2021-09-22,143.2902374267578,76404300
2021-09-23,144.2530517578125,64838200
2021-09-24,144.34146118164062,53477900
2021-09-27,142.81866455078125,74150700
2021-09-28,139.4193878173828,108972300
2021-09-29,140.32325744628906,74602000
2021-09-30,139.01658630371094,89056700
2021-10-01,140.1464080810547,94639600
2021-10-04,136.69798278808594,98322000
2021-10-05,138.63340759277344,80861100
2021-10-06,139.50779724121094,83221100
2021-10-07,140.77520751953125,61732700
2021-10-08,140.39202880859375,58773200
2021-10-11,140.30360412597656,64452200
2021-10-12,139.02639770507812,73035900
2021-10-13,138.4369659423828,78762700
2021-10-14,141.23690795898438,69907100
2021-10-15,142.2979736328125,67940300
2021-10-18,143.97796630859375,85589200
2021-10-19,146.14915466308594,76378900
2021-10-20,146.64041137695312,58418800
2021-10-21,146.85655212402344,61421000
2021-10-22,146.08041381835938,58883400
2021-10-25,146.03128051757812,50720600
2021-10-26,146.6993865966797,60893400
2021-10-27,146.23760986328125,56094900
2021-10-28,149.89230346679688,100077900
2021-10-29,147.17091369628906,124953200
2021-11-01,146.345703125,74588300
2021-11-02,147.38705444335938,69122000
2021-11-03,148.83128356933594,54511500
2021-11-04,148.31057739257812,60394600
2021-11-05,148.8418731689453,65463900
2021-11-08,148.01541137695312,55020900
2021-11-09,148.3794403076172,56787900
2021-11-10,145.5360107421875,65187100
2021-11-11,145.48681640625,41000000
2021-11-12,147.57266235351562,63804000
2021-11-15,147.58250427246094,59222800
2021-11-16,148.5663604736328,59256200
2021-11-17,151.0162353515625,88807000
2021-11-18,155.3256378173828,137827700
2021-11-19,157.96246337890625,117305600
2021-11-22,158.4248809814453,117467900
2021-11-23,158.80857849121094,96041900
2021-11-24,159.33006286621094,69463600
2021-11-26,154.28274536132812,76959800
2021-11-29,157.65745544433594,88748200
2021-11-30,162.6359405517578,174048100
2021-12-01,162.11444091796875,152052500
2021-12-02,161.12069702148438,136739200
2021-12-03,159.231689453125,118023100
2021-12-06,162.6555938720703,107497000
2021-12-07,168.42112731933594,120405400
2021-12-08,172.25827026367188,116998900
2021-12-09,171.74664306640625,108923700
2021-12-10,176.55784606933594,115402700
2021-12-13,172.9076690673828,153237000
2021-12-14,171.52035522460938,139380400
2021-12-15,176.41026306152344,131063300
2021-12-16,169.4837188720703,150185800
2021-12-17,168.38177490234375,195432700
2021-12-20,167.01416015625,107499100
2021-12-21,170.20193481445312,91185900
2021-12-22,172.8092498779297,92135300
2021-12-23,173.4389190673828,68356600
2021-12-27,177.42367553710938,74919600
2021-12-28,176.40042114257812,79144300
2021-12-29,176.48898315429688,62348900
2021-12-30,175.3280029296875,59773000
2021-12-31,174.70816040039062,64062300
2022-01-03,179.07659912109375,104487900
2022-01-04,176.8038330078125,99310400
2022-01-05,172.10086059570312,94537600
2022-01-06,169.2279052734375,96904000
2022-01-07,169.39517211914062,86709100
2022-01-10,169.41485595703125,106765600
2022-01-11,172.25827026367188,76138300
2022-01-12,172.70101928710938,74805200
2022-01-13,169.41485595703125,84505800
2022-01-14,170.28067016601562,80440800
2022-01-18,167.06338500976562,90956700
2022-01-19,163.5509033203125,94815000
2022-01-20,161.85862731933594,91420500
2022-01-21,159.79248046875,122848900
2022-01-24,159.01519775390625,162294600
2022-01-25,157.2048797607422,115798400
2022-01-26,157.1163330078125,108275300
2022-01-27,156.6538848876953,121954600
2022-01-28,167.58480834960938,179935700
2022-01-31,171.96311950683594,115541600
2022-02-01,171.7958526611328,86213900
2022-02-02,173.00604248046875,84914300
2022-02-03,170.1134033203125,89418100
2022-02-04,169.82772827148438,82465400
2022-02-07,169.1085968017578,77251200
2022-02-08,172.23147583007812,74829200
2022-02-09,173.65989685058594,71285000
2022-02-10,169.56173706054688,90865900
2022-02-11,166.1334686279297,98670700
2022-02-14,166.36993408203125,86185500
2022-02-15,170.22177124023438,62527400
2022-02-16,169.98536682128906,61177400
2022-02-17,166.36993408203125,69589300
2022-02-18,164.81336975097656,82772700
2022-02-22,161.87767028808594,91162800
2022-02-23,157.6908721923828,90009200
2022-02-24,160.32118225097656,141147500
2022-02-25,162.39979553222656,91974200
2022-02-28,162.665771484375,95056600
2022-03-01,160.77432250976562,83474400
2022-03-02,164.08438110351562,79724800
2022-03-03,163.75927734375,76678400
2022-03-04,160.74478149414062,83737200
2022-03-07,156.93231201171875,96418800
2022-03-08,155.09994506835938,131148300
2022-03-09,160.5280303955078,91454900
2022-03-10,156.16390991210938,105342000
2022-03-11,152.43020629882812,96970100
2022-03-14,148.3813018798828,108732100
2022-03-15,152.78488159179688,92964300
2022-03-16,157.21798706054688,102300200
2022-03-17,158.23268127441406,75615400
2022-03-18,161.54270935058594,123511700
2022-03-21,162.92193603515625,95811400
2022-03-22,166.310791015625,81532000
2022-03-23,167.68016052246094,98062700
2022-03-24,171.48277282714844,90131400
2022-03-25,172.12310791015625,80546200
2022-03-28,172.99005126953125,90371900
2022-03-29,176.3000946044922,100589400
2022-03-30,175.12777709960938,92633200
2022-03-31,172.0147247314453,103049300
2022-04-01,171.71920776367188,78751300
2022-04-04,175.78781127929688,76468400
2022-04-05,172.4580535888672,73401800
2022-04-06,169.2760772705078,89058800
2022-04-07,169.5814666748047,77594700
2022-04-08,167.56190490722656,76575500
2022-04-11,163.2864227294922,72246700
2022-04-12,165.16802978515625,79265200
2022-04-13,167.86727905273438,70618900
2022-04-14,162.833251953125,75329400
2022-04-18,162.6165313720703,69023900
2022-04-19,164.91188049316406,67723800
2022-04-20,164.74441528320312,67929800
2022-04-21,163.9464569091797,87227800
2022-04-22,159.38526916503906,84882400
2022-04-25,160.4591064453125,96046400
2022-04-26,154.4694366455078,95623200
2022-04-27,154.2428741455078,88063200
2022-04-28,161.20777893066406,130216800
2022-04-29,155.30679321289062,131747600
2022-05-02,155.6122283935547,123055300
2022-05-03,157.109619140625,88966500
2022-05-04,163.55242919921875,108256500
2022-05-05,154.4398956298828,130525300
2022-05-06,155.16995239257812,116124600
2022-05-09,150.02000427246094,131577900
2022-05-10,152.43711853027344,115366700
2022-05-11,144.53457641601562,142689800
2022-05-12,140.64743041992188,182602000
2022-05-13,145.1363983154297,113990900
2022-05-16,143.5874481201172,86643800
2022-05-17,147.23779296875,78336300
2022-05-18,138.9308319091797,109742900
2022-05-19,135.50733947753906,136095600
2022-05-20,135.74411010742188,137426100
2022-05-23,141.19007873535156,117726300
2022-05-24,138.47694396972656,104132700
2022-05-25,138.63482666015625,92482700
2022-05-26,141.85107421875,90601500
2022-05-27,147.63246154785156,90978500
2022-05-31,146.84320068359375,103718400
2022-06-01,146.71495056152344,74286600
2022-06-02,149.18141174316406,72348100
2022-06-03,143.42962646484375,88570300
2022-06-06,144.17941284179688,71598400
2022-06-07,146.71495056152344,67808200
2022-06-08,145.9750518798828,53950200
2022-06-09,140.7263641357422,69473000
2022-06-10,135.290283203125,91437900
2022-06-13,130.11070251464844,122207100
2022-06-14,130.9788818359375,84784300
2022-06-15,133.6130828857422,91533000
2022-06-16,128.31517028808594,108123900
2022-06-17,129.79502868652344,134520300
2022-06-21,134.04721069335938,81000500
2022-06-22,133.53416442871094,73409200
2022-06-23,136.4149932861328,72433800
2022-06-24,139.75950622558594,89116800
2022-06-27,139.75950622558594,70207900
2022-06-28,135.5961456298828,67083400
2022-06-29,137.3621063232422,66242400
2022-06-30,134.8857879638672,98964500
2022-07-01,137.06614685058594,71051600
2022-07-05,139.66087341308594,73353800
2022-07-06,141.00262451171875,74064300
2022-07-07,144.3865966796875,66253700
2022-07-08,145.0673370361328,64547800
2022-07-11,142.92645263671875,63141600
2022-07-12,143.9031524658203,77588800
2022-07-13,143.5381317138672,71185600
2022-07-14,146.47817993164062,78140700
2022-07-15,148.1553497314453,76259900
2022-07-18,145.09695434570312,81420900
2022-07-19,148.97421264648438,82982400
2022-07-20,150.98684692382812,64823400
2022-07-21,153.265869140625,65086600
2022-07-22,152.0227508544922,66675400
2022-07-25,150.8980712890625,53623900
2022-07-26,149.56617736816406,55138700
2022-07-27,154.68650817871094,78620700
2022-07-28,155.23902893066406,81378700
2022-07-29,160.3297882080078,101786900
2022-08-01,159.34323120117188,67829400
2022-08-02,157.86334228515625,59907000
2022-08-03,163.9012451171875,82507500
2022-08-04,163.5855255126953,55474100
2022-08-05,163.3583221435547,56697000
2022-08-08,162.8840789794922,60276900
2022-08-09,162.93348693847656,63135500
2022-08-10,167.2014617919922,70170500
2022-08-11,166.46047973632812,57149200
2022-08-12,170.02699279785156,68039400
2022-08-15,171.10386657714844,54091700
2022-08-16,170.94577026367188,56377100
2022-08-17,172.44749450683594,79542000
2022-08-18,172.0523223876953,62290100
2022-08-19,169.45394897460938,70346300
2022-08-22,165.55157470703125,69026800
2022-08-23,165.2156524658203,54147100
2022-08-24,165.5120391845703,53841500
2022-08-25,167.98193359375,51218200
2022-08-26,161.64915466308594,78961000
2022-08-29,159.43612670898438,73314000
2022-08-30,156.99588012695312,77906200
2022-08-31,155.3262176513672,87991100
2022-09-01,156.0573272705078,74229900
2022-09-02,153.9331817626953,76957800
2022-09-06,152.6686248779297,73714800
2022-09-07,154.0814208984375,87449600
2022-09-08,152.59947204589844,84923800
2022-09-09,155.47442626953125,68028800
2022-09-12,161.46141052246094,104956000
2022-09-13,151.98695373535156,122656600
2022-09-14,153.43922424316406,87965400
2022-09-15,150.5346221923828,90481100
2022-09-16,148.88475036621094,162278800
2022-09-19,152.61920166015625,81474200
2022-09-20,155.01007080078125,107689800
2022-09-21,151.86837768554688,101696800
2022-09-22,150.90020751953125,86652500
2022-09-23,148.61801147460938,96029900
2022-09-26,148.95394897460938,93339400
2022-09-27,149.93199157714844,84442700
2022-09-28,148.0351104736328,146691400
2022-09-29,140.76377868652344,128138200
2022-09-30,136.5353240966797,124925300
2022-10-03,140.734130859375,114311700
2022-10-04,144.34017944335938,87830100
2022-10-05,144.63656616210938,79471000
2022-10-06,143.67822265625,68402200
2022-10-07,138.40260314941406,85925600
2022-10-10,138.72860717773438,74899000
2022-10-11,137.30593872070312,77033700
2022-10-12,136.6736297607422,70433700
2022-10-13,141.26763916015625,113224000
2022-10-14,136.71316528320312,88598000
2022-10-17,140.69464111328125,85250900
2022-10-18,142.0184783935547,99136600
2022-10-19,142.12713623046875,61758300
2022-10-20,141.66282653808594,64522000
2022-10-21,145.49606323242188,86548600
2022-10-24,147.6498260498047,75981900
2022-10-25,150.5050048828125,74732300
2022-10-26,147.551025390625,88194300
2022-10-27,143.05584716796875,109180200
2022-10-28,153.8640594482422,164762400
2022-10-31,151.4929656982422,97943200
2022-11-01,148.83534240722656,80379300
2022-11-02,143.28306579589844,93604600
2022-11-03,137.20716857910156,97918500
2022-11-04,136.93995666503906,140814800
2022-11-07,137.4743194580078,83374600
2022-11-08,138.0482940673828,89908500
2022-11-09,133.46649169921875,74917800
2022-11-10,145.3415985107422,118854000
2022-11-11,148.1421356201172,93979700
2022-11-14,146.73690795898438,73374100
2022-11-15,148.47860717773438,89868300
2022-11-16,147.24160766601562,64218300
2022-11-17,149.1515350341797,80389400
2022-11-18,149.71560668945312,74829600
2022-11-21,146.4697265625,58724100
2022-11-22,148.61715698242188,51804100
2022-11-23,149.49789428710938,58301400
2022-11-25,146.56869506835938,35195900
2022-11-28,142.71917724609375,69246000
2022-11-29,139.7008819580078,83763800
2022-11-30,146.48953247070312,111380900
2022-12-01,146.76658630371094,71250400
2022-12-02,146.2718048095703,65447400
2022-12-05,145.10411071777344,68826400
2022-12-06,141.4228057861328,64727200
2022-12-07,139.47328186035156,69721100
2022-12-08,141.16551208496094,62128300
2022-12-09,140.6806182861328,76097000
2022-12-12,142.9863739013672,70462700
2022-12-13,143.9561767578125,93886200
2022-12-14,141.7196807861328,82291200
2022-12-15,135.0795135498047,98931900
2022-12-16,133.11024475097656,160156900
2022-12-19,130.99249267578125,79592600
2022-12-20,130.92320251464844,77432800
2022-12-21,134.04043579101562,85928000
2022-12-22,130.85394287109375,77852100
2022-12-23,130.48779296875,63814900
2022-12-27,128.67681884765625,69007800
2022-12-28,124.7283706665039,85438400
2022-12-29,128.26119995117188,75703700
2022-12-30,128.577880859375,77034200
2023-01-03,123.7684555053711,112117500
2023-01-04,125.04503631591797,89113600
2023-01-05,123.7189712524414,80962700
2023-01-06,128.27108764648438,87754700
2023-01-09,128.79556274414062,70790800
2023-01-10,129.36956787109375,63896200
2023-01-11,132.10086059570312,69458900
2023-01-12,132.02169799804688,71379600
2023-01-13,133.35763549804688,57809700
2023-01-17,134.5253448486328,63646600
2023-01-18,133.80294799804688,69672800
2023-01-19,133.86231994628906,58280400
2023-01-20,136.43524169921875,80223600
2023-01-23,139.6415252685547,81760300
2023-01-24,141.04676818847656,66435100
2023-01-25,140.38372802734375,65799300
2023-01-26,142.46188354492188,54105100
2023-01-27,144.411376953125,70555800
2023-01-30,141.51187133789062,64015300
2023-01-31,142.78843688964844,65874500
2023-02-01,143.91656494140625,77663600
2023-02-02,149.25050354003906,118339000
2023-02-03,152.89219665527344,154357300
2023-02-06,150.15101623535156,69858300
2023-02-07,153.04063415527344,83322600
2023-02-08,150.33905029296875,64120100
2023-02-09,149.29995727539062,56007100
2023-02-10,149.66668701171875,57450700
2023-02-13,152.4814453125,62199000
2023-02-14,151.83718872070312,61707600
2023-02-15,153.9482421875,65573800
2023-02-16,152.34266662597656,68167900
2023-02-17,151.19296264648438,59144100
2023-02-21,147.1591796875,58867200
2023-02-22,147.58535766601562,51011300
2023-02-23,148.07098388671875,48394200
2023-02-24,145.40493774414062,55469600
2023-02-27,146.6041717529297,44998500
2023-02-28,146.0987091064453,50547000
2023-03-01,144.0173797607422,55479000
2023-03-02,144.612060546875,52238100
2023-03-03,149.68649291992188,70732300
2023-03-06,152.4615936279297,87558000
2023-03-07,150.25144958496094,56182000
2023-03-08,151.5101318359375,47204800
2023-03-09,149.2504119873047,53833600
2023-03-10,147.17901611328125,68572400
2023-03-13,149.13148498535156,84457100
2023-03-14,151.2326202392578,73695900
2023-03-15,151.62908935546875,77167900
2023-03-16,154.46363830566406,76161100
2023-03-17,153.62118530273438,98944600
2023-03-20,155.99981689453125,73641400
2023-03-21,157.86314392089844,73938300
2023-03-22,156.426025390625,75701800
2023-03-23,157.51622009277344,67622100
2023-03-24,158.824462890625,59196500
2023-03-27,156.87200927734375,52390300
2023-03-28,156.2476043701172,45992200
2023-03-29,159.33985900878906,51305700
2023-03-30,160.9157257080078,49501700
2023-03-31,163.43312072753906,68749800
2023-04-03,164.69183349609375,56976200
2023-04-04,164.15663146972656,46278300
2023-04-05,162.3032684326172,51511700
2023-04-06,163.1952667236328,45390100
2023-04-10,160.5886688232422,47716900
2023-04-11,159.36962890625,47644200
2023-04-12,158.6758270263672,50133100
2023-04-13,164.0872344970703,68445600
2023-04-14,163.74038696289062,49386500
2023-04-17,163.7601776123047,41516200
2023-04-18,164.98915100097656,49923000
2023-04-19,166.1388397216797,47720200
2023-04-20,165.16754150390625,52456400
2023-04-21,163.55206298828125,58337300
2023-04-24,163.8592987060547,41949600
2023-04-25,162.3131866455078,48714100
2023-04-26,162.3032684326172,45498800
2023-04-27,166.91189575195312,64902300
2023-04-28,168.17059326171875,55209200
2023-05-01,168.08140563964844,52472900
2023-05-02,167.04074096679688,48425700
2023-05-03,165.96043395996094,65136000
2023-05-04,164.315185546875,81235400
2023-05-05,172.0260009765625,113316400
2023-05-08,171.9566192626953,55962800
2023-05-09,170.24200439453125,45326900
2023-05-10,172.01609802246094,53724500
2023-05-11,172.2043914794922,49514700
2023-05-12,171.27146911621094,45497800
2023-05-15,170.77523803710938,37266700
2023-05-16,170.77523803710938,42110300
2023-05-17,171.3905792236328,57951600
2023-05-18,173.73280334472656,65496700
2023-05-19,173.84197998046875,55772400
2023-05-22,172.88919067382812,43570900
2023-05-23,170.26905822753906,50747300
2023-05-24,170.54696655273438,45143500
2023-05-25,171.6883087158203,56058300
2023-05-26,174.10995483398438,54835000
2023-05-30,175.9658660888672,55964400
2023-05-31,175.916259765625,99625300
2023-06-01,178.73487854003906,68901800
2023-06-02,179.5884246826172,61945900
2023-06-05,178.2287139892578,121946500
2023-06-06,177.86151123046875,64848400
2023-06-07,176.4819793701172,61944600
2023-06-08,179.21127319335938,50214900
2023-06-09,179.5983428955078,48870700
2023-06-12,182.4070281982422,54274900
2023-06-13,181.9306640625,54929100
2023-06-14,182.56585693359375,57462900
2023-06-15,184.61033630371094,65433200
2023-06-16,183.52853393554688,101235600
2023-06-20,183.6178436279297,49799100
2023-06-21,182.57577514648438,49515700
2023-06-22,185.5928955078125,51245300
2023-06-23,185.2752685546875,53079300
2023-06-26,183.8759002685547,48088700
2023-06-27,186.64491271972656,50730800
2023-06-28,187.82595825195312,51216800
2023-06-29,188.1634063720703,46347300
2023-06-30,192.51043701171875,85069600
2023-07-03,191.01181030273438,31458200
2023-07-05,189.8903045654297,46920300
2023-07-06,190.36669921875,45094300
2023-07-07,189.2451934814453,46778000
2023-07-10,187.19078063964844,59922200
2023-07-11,186.66477966308594,46638100
2023-07-12,188.34205627441406,60750200
2023-07-13,189.1062469482422,41342300
2023-07-14,189.25511169433594,41573900
2023-07-17,192.53030395507812,50520200
2023-07-18,192.27223205566406,48353800
2023-07-19,193.63194274902344,80507300
2023-07-20,191.6767578125,59581200
2023-07-21,190.4957275390625,71917800
2023-07-24,191.2996368408203,45377800
2023-07-25,192.16307067871094,37283200
2023-07-26,193.0364532470703,47471900
2023-07-27,191.7660675048828,47460200
2023-07-28,194.3564453125,48291400
2023-07-31,194.97178649902344,38824100
2023-08-01,194.13809204101562,35175100
2023-08-02,191.1309051513672,50389300
2023-08-03,189.7314910888672,61235200
2023-08-04,180.62059020996094,115799700
2023-08-07,177.5042266845703,97576100
2023-08-08,178.4470672607422,67823000
2023-08-09,176.84918212890625,60378500
2023-08-10,176.63082885742188,54686900
2023-08-11,176.69046020507812,51988100
2023-08-14,178.3501434326172,43675600
2023-08-15,176.35255432128906,43622600
2023-08-16,175.47802734375,46964900
2023-08-17,172.9239044189453,66062900
2023-08-18,173.41087341308594,61114200
2023-08-21,174.7525177001953,46311900
2023-08-22,176.13392639160156,42084200
2023-08-23,179.99986267089844,52722800
2023-08-24,175.2891845703125,54945800
2023-08-25,177.50538635253906,51449600
2023-08-28,179.0756378173828,43820700
2023-08-29,182.98130798339844,53003900
2023-08-30,186.489501953125,60813900
2023-08-31,186.7081298828125,60794500
2023-09-01,188.28829956054688,45732600
2023-09-05,188.52679443359375,45280000
2023-09-06,181.77880859375,81755800
2023-09-07,176.46188354492188,112488800
2023-09-08,177.0780487060547,65551300
2023-09-11,178.25076293945312,58953100
2023-09-12,175.20968627929688,90370200
2023-09-13,173.1326141357422,84267900
2023-09-14,174.65313720703125,60895800
2023-09-15,173.9276580810547,109205100
2023-09-18,176.86935424804688,67257600
2023-09-19,177.9625701904297,51826900
2023-09-20,174.40467834472656,58436200
2023-09-21,172.8543243408203,63047900
2023-09-22,173.70899963378906,56725400
2023-09-25,174.9910430908203,46172700
2023-09-26,170.8965301513672,64588900
2023-09-27,169.3759765625,66921800
2023-09-28,169.63436889648438,56294400
2023-09-29,170.1511688232422,51814200
2023-10-02,172.67544555664062,52164500
2023-10-03,171.33380126953125,49594600
2023-10-04,172.5860137939453,53020300
2023-10-05,173.82827758789062,48527900
2023-10-06,176.39231872558594,57224100
2023-10-09,177.88304138183594,42390800
2023-10-10,177.28675842285156,43698000
2023-10-11,178.6880340576172,47551100
2023-10-12,179.59242248535156,56743100
2023-10-13,177.74391174316406,51427100
2023-10-16,177.61473083496094,52517000
2023-10-17,176.05442810058594,57549400
2023-10-18,174.7525177001953,54764400
2023-10-19,174.37489318847656,59302900
2023-10-20,171.8108367919922,64189300
2023-10-23,171.9300994873047,55980100
2023-10-24,172.3673858642578,43816600
2023-10-25,170.04185485839844,57157000
2023-10-26,165.85787963867188,70625300
2023-10-27,167.1796417236328,58499100
2023-10-30,169.23681640625,51131000
2023-10-31,169.71388244628906,44846000
2023-11-01,172.89410400390625,56934900
2023-11-02,176.47183227539062,77334800
2023-11-03,175.55752563476562,79763700
2023-11-06,178.12156677246094,63841300
2023-11-07,180.69554138183594,70530000
2023-11-08,181.75892639160156,49340300
2023-11-09,181.28187561035156,53763500
2023-11-10,185.49127197265625,66133400
2023-11-13,183.89906311035156,43627500
2023-11-14,186.52621459960938,60108400
2023-11-15,187.09341430664062,53790500
2023-11-16,188.78514099121094,54412900
2023-11-17,188.76522827148438,50922700
2023-11-20,190.5166473388672,46505100
2023-11-21,189.71058654785156,38134500
2023-11-22,190.3773193359375,39617700
2023-11-24,189.0438690185547,24048300
2023-11-27,188.86474609375,40552600
2023-11-28,189.4717559814453,38415400
2023-11-29,188.44679260253906,43014200
2023-11-30,189.02395629882812,48794400
2023-12-01,190.30767822265625,45679300
2023-12-04,188.50650024414062,43389500
2023-12-05,192.47705078125,66628400
2023-12-06,191.3824005126953,41089700
2023-12-07,193.32290649414062,47477700
2023-12-08,194.75587463378906,53377300
2023-12-11,192.23822021484375,60943700
2023-12-12,193.76077270507812,52696900
2023-12-13,196.9949188232422,70404200
2023-12-14,197.14419555664062,66831600
2023-12-15,196.60682678222656,128256700
2023-12-18,194.93499755859375,55751900
2023-12-19,195.97988891601562,40714100
2023-12-20,193.88018798828125,52242800
2023-12-21,193.7308807373047,46482500
2023-12-22,192.6561737060547,37122800
2023-12-26,192.10887145996094,28919300
2023-12-27,192.20835876464844,48087700
2023-12-28,192.63629150390625,34049900
2023-12-29,191.5913848876953,42628800
2024-01-02,184.7349853515625,82488700
2024-01-03,183.3517608642578,58414500
2024-01-04,181.02316284179688,71983600
2024-01-05,180.2967071533203,62303300
2024-01-08,184.65536499023438,59144500
2024-01-09,184.23741149902344,42841800
2024-01-10,185.2823028564453,46792900
2024-01-11,184.68519592285156,49128400
2024-01-12,185.0135955810547,40444700
2024-01-16,182.7347869873047,65603000
2024-01-17,181.78941345214844,47317400
2024-01-18,187.7104034423828,78005800
2024-01-19,190.62612915039062,68741000
2024-01-22,192.9447479248047,60133900
2024-01-23,194.22845458984375,42355600
2024-01-24,193.55177307128906,53631300
2024-01-25,193.22337341308594,54822100
2024-01-26,191.48190307617188,44594000
2024-01-29,190.79530334472656,47145600
2024-01-30,187.12327575683594,55859400
2024-01-31,183.5010223388672,55467800
2024-02-01,185.94903564453125,64885400
2024-02-02,184.94395446777344,102518000
2024-02-05,186.76502990722656,69668800
2024-02-06,188.3771514892578,43490800
2024-02-07,188.48660278320312,53439000
2024-02-08,187.4019317626953,40962000
2024-02-09,188.1691436767578,45155200
2024-02-12,186.47525024414062,41781900
2024-02-13,184.37286376953125,56529500
2024-02-14,183.48606872558594,54630500
2024-02-15,183.19712829589844,65434500
2024-02-16,181.6527099609375,49701400
2024-02-20,180.9053955078125,53665600
2024-02-21,181.66268920898438,41529700
2024-02-22,183.7052764892578,52292200
2024-02-23,181.86195373535156,45119700
2024-02-26,180.50686645507812,40867400
2024-02-27,181.9715576171875,54318900
2024-02-28,180.76593017578125,48953900
2024-02-29,180.0983428955078,136682600
2024-03-01,179.01226806640625,73488000
2024-03-04,174.4687042236328,81510100
2024-03-05,169.50665283203125,95132400
2024-03-06,168.51025390625,68587700
2024-03-07,168.3907012939453,71765100
2024-03-08,170.1144561767578,76114600
2024-03-11,172.12718200683594,60139500
2024-03-12,172.60543823242188,59825400
2024-03-13,170.51303100585938,52488700
2024-03-14,172.3762664794922,72913500
2024-03-15,171.9976348876953,121664700
2024-03-18,173.09368896484375,75604200
2024-03-19,175.44517517089844,55215200
2024-03-20,178.0258331298828,53423100
2024-03-21,170.7521514892578,106181300
2024-03-22,171.65887451171875,71106600
2024-03-25,170.23403930664062,54288300
2024-03-26,169.09814453125,57388400
2024-03-27,172.68516540527344,60273300
2024-03-28,170.8617401123047,65672700
2024-04-01,169.4169921875,46240500
2024-04-02,168.2312774658203,49329500
2024-04-03,169.03834533691406,47691700
2024-04-04,168.21136474609375,53704400
2024-04-05,168.96859741210938,42055200
2024-04-08,167.84268188476562,37425500
2024-04-09,169.0582733154297,42451200
2024-04-10,167.1750946044922,49709300
2024-04-11,174.40892028808594,91070300
2024-04-12,175.91348266601562,101593300
2024-04-15,172.06739807128906,73531800
2024-04-16,168.7693328857422,73711200
2024-04-17,167.39430236816406,50901200
2024-04-18,166.437744140625,43122900
2024-04-19,164.40512084960938,67772100
2024-04-22,165.24209594726562,48116400
2024-04-23,166.2982635498047,49537800
2024-04-24,168.41064453125,48251800
2024-04-25,169.27749633789062,50558300
2024-04-26,168.68960571289062,44838400
2024-04-29,172.8744659423828,68169400
2024-04-30,169.7158966064453,65934800
2024-05-01,168.68960571289062,50383100
2024-05-02,172.4061737060547,94214900
2024-05-03,182.71885681152344,163224100
2024-05-06,181.0548858642578,78569700
2024-05-07,181.7423858642578,77305800
2024-05-08,182.08116149902344,45057100
2024-05-09,183.9045867919922,48983000
2024-05-10,182.63743591308594,50759500
2024-05-13,185.86013793945312,72044800
2024-05-14,187.00755310058594,52393600
2024-05-15,189.2924041748047,70400000
2024-05-16,189.41212463378906,52845200
2024-05-17,189.44204711914062,41282900
2024-05-20,190.6094207763672,44361300
2024-05-21,191.91647338867188,42309400
2024-05-22,190.4697265625,34648500
2024-05-23,186.45880126953125,51005900
2024-05-24,189.5518035888672,36294600
2024-05-28,189.56178283691406,52280100
2024-05-29,189.86111450195312,53068000
2024-05-30,190.85885620117188,49947900
2024-05-31,191.81668090820312,75158300
2024-06-03,193.59268188476562,50080500
2024-06-04,193.91195678710938,47471400
2024-06-05,195.42852783203125,54156800
2024-06-06,194.0416717529297,41181800
2024-06-07,196.44622802734375,53103900
2024-06-10,192.68472290039062,97262100
2024-06-11,206.68310546875,172373300
2024-06-12,212.58978271484375,198134300
2024-06-13,213.75714111328125,97862700
2024-06-14,212.01107788085938,70122700
2024-06-17,216.18165588378906,93728300
2024-06-18,213.8070068359375,79943300
2024-06-20,209.2073974609375,86172500
2024-06-21,207.02235412597656,246421400
2024-06-24,207.67088317871094,80727000
2024-06-25,208.59878540039062,56713900
2024-06-26,212.7693634033203,66213200
2024-06-27,213.61746215820312,49772700
2024-06-28,210.14527893066406,82542700
2024-07-01,216.261474609375,60402900
2024-07-02,219.77354431152344,58046200
2024-07-03,221.0506591796875,37369800
2024-07-05,225.82984924316406,60412400
2024-07-08,227.30653381347656,59085900
2024-07-09,228.16458129882812,48076100
2024-07-10,232.45489501953125,62627700
2024-07-11,227.05709838867188,64710600
2024-07-12,230.0203857421875,53046500
2024-07-15,233.87168884277344,62631300
2024-07-16,234.29074096679688,43234300
2024-07-17,228.3641357421875,57345900
2024-07-18,223.6747283935547,66034600
2024-07-19,223.80442810058594,49151500
2024-07-22,223.45523071289062,48201800
2024-07-23,224.5028533935547,39960300
2024-07-24,218.0474395751953,61777600
2024-07-25,216.99981689453125,51391200
2024-07-26,217.46875,41601300
2024-07-29,217.7481231689453,36311800
2024-07-30,218.30685424804688,41643800
2024-07-31,221.5794677734375,50036300
2024-08-01,217.8678436279297,62501000
2024-08-02,219.36447143554688,105568600
2024-08-05,208.79833984375,119548600
2024-08-06,206.762939453125,69660500
2024-08-07,209.34710693359375,63516400
2024-08-08,212.8292236328125,47161100
2024-08-09,215.7526397705078,42201600
2024-08-12,217.2909393310547,38028100
2024-08-13,221.02682495117188,44155300
2024-08-14,221.47633361816406,41960600
2024-08-15,224.47303771972656,46414000
2024-08-16,225.80157470703125,44340200
2024-08-19,225.64175415039062,40687800
2024-08-20,226.2610626220703,30299000
2024-08-21,226.15118408203125,34765500
2024-08-22,224.2832489013672,43695300
2024-08-23,226.5906982421875,38677300
2024-08-26,226.93032836914062,30602200
2024-08-27,227.77938842773438,35934600
2024-08-28,226.2410888671875,38052200
2024-08-29,229.53746032714844,51906300
2024-08-30,228.7483367919922,52990800
2024-09-03,222.52517700195312,50190600
2024-09-04,220.6072998046875,43840200
2024-09-05,222.13560485839844,36615400
2024-09-06,220.57733154296875,48423000
2024-09-09,220.66722106933594,67180000
2024-09-10,219.86810302734375,51591000
2024-09-11,222.41529846191406,44587100
2024-09-12,222.52517700195312,37498200
2024-09-13,222.25547790527344,36766600
2024-09-16,216.082275390625,59357400
2024-09-17,216.55174255371094,45519300
2024-09-18,220.4474639892578,59894900
2024-09-19,228.61846923828125,66781300
2024-09-20,227.94920349121094,318679900
2024-09-23,226.2211151123047,54146000
2024-09-24,227.1201171875,43556100
2024-09-25,226.1212158203125,42308700
2024-09-26,227.26995849609375,36636700
2024-09-27,227.53965759277344,34026000
2024-09-30,232.7439422607422,54541900
2024-10-01,225.96141052246094,63285000
2024-10-02,226.53077697753906,32880600
2024-10-03,225.42198181152344,34044200
2024-10-04,226.55075073242188,37245100
2024-10-07,221.4463653564453,39505400
2024-10-08,225.52188110351562,31855700
2024-10-09,229.28773498535156,33591100
2024-10-10,228.7882843017578,28183500
2024-10-11,227.2999267578125,31759200
2024-10-14,231.04580688476562,39882100
2024-10-15,233.59300231933594,64751400
2024-10-16,231.5252685546875,34082200
2024-10-17,231.89486694335938,32993800
2024-10-18,234.74172973632812,46431500
2024-10-21,236.22010803222656,36254500
2024-10-22,235.60079956054688,38846600
2024-10-23,230.5063934326172,52287000
2024-10-24,230.31661987304688,31109500
2024-10-25,231.1556854248047,38802300
2024-10-28,233.14349365234375,36087100
2024-10-29,233.41319274902344,35417200
2024-10-30,229.8471221923828,47070900
2024-10-31,225.66172790527344,64370100
2024-11-01,222.66502380371094,65276700
2024-11-04,221.76600646972656,44944500
2024-11-05,223.2044219970703,28111300
2024-11-06,222.47523498535156,54561100
2024-11-07,227.22999572753906,42137700
2024-11-08,226.9600067138672,38328800
2024-11-11,224.22999572753906,42005600
2024-11-12,224.22999572753906,40398300
2024-11-13,225.1199951171875,48566200
2024-11-14,228.22000122070312,44923900
2024-11-15,225.0,47923700
2024-11-18,228.02000427246094,44686000
2024-11-19,228.27999877929688,36211800
2024-11-20,229.0,35169600
2024-11-21,228.52000427246094,42108300
2024-11-22,229.8699951171875,38168300
2024-11-25,232.8699951171875,90152800
2024-11-26,235.05999755859375,45986200
2024-11-27,234.92999267578125,33498400
2024-11-29,237.3300018310547,28481400
2024-12-02,239.58999633789062,48137100
2024-12-03,242.64999389648438,38861000
2024-12-04,243.00999450683594,44383900
2024-12-05,243.0399932861328,40033900
2024-12-06,242.83999633789062,36870600
2024-12-09,246.75,44649200
2024-12-10,247.77000427246094,36914800
2024-12-11,246.49000549316406,45205800
2024-12-12,247.9600067138672,32777500
2024-12-13,248.1300048828125,33155300
2024-12-16,251.0399932861328,51694800
2024-12-17,253.47999572753906,51356400
2024-12-18,248.0500030517578,56774100
2024-12-19,249.7899932861328,60882300
2024-12-20,254.49000549316406,147495300
2024-12-23,255.27000427246094,40858800
2024-12-24,258.20001220703125,23234700
2024-12-26,259.0199890136719,27237100
2024-12-27,255.58999633789062,42355300
2024-12-30,252.1999969482422,35557500
2024-12-31,250.4199981689453,39480700
2025-01-02,243.85000610351562,55740700
2025-01-03,243.36000061035156,40244100
2025-01-06,245.0,45045600
2025-01-07,242.2100067138672,40856000
2025-01-08,242.6999969482422,37628900
2025-01-10,236.85000610351562,61710900
2025-01-13,234.39999389648438,49630700
2025-01-14,233.27999877929688,39435300
2025-01-15,237.8699951171875,39832000
2025-01-16,228.25999450683594,71759100
2025-01-17,229.97999572753906,68488300
2025-01-21,222.63999938964844,98070400
2025-01-22,223.8300018310547,64126500
2025-01-23,223.66000366210938,60234800
2025-01-24,222.77999877929688,54697900
2025-01-27,229.86000061035156,94863400
2025-01-28,238.25999450683594,75707600
2025-01-29,239.36000061035156,45486100
2025-01-30,237.58999633789062,55658300
2025-01-31,236.0,101075100
2025-02-03,228.00999450683594,73063300
