Date,Close
,NVDA
2018-01-02,4.929880142211914
2018-01-03,5.254335403442383
2018-01-04,5.282032489776611
2018-01-05,5.3267951011657715
2018-01-08,5.490011692047119
2018-01-09,5.488527297973633
2018-01-10,5.531556129455566
2018-01-11,5.54144811630249
2018-01-12,5.5142436027526855
2018-01-16,5.443271636962891
2018-01-17,5.557275772094727
2018-01-18,5.550350666046143
2018-01-19,5.690569877624512
2018-01-22,5.779102325439453
2018-01-23,5.908191204071045
2018-01-24,5.8312811851501465
2018-01-25,5.844883918762207
2018-01-26,6.017496585845947
2018-01-29,6.1045451164245605
2018-01-30,6.002412796020508
2018-01-31,6.078577995300293
2018-02-01,5.947511672973633
2018-02-02,5.774898052215576
2018-02-05,5.284754276275635
2018-02-06,5.578543186187744
2018-02-07,5.658173084259033
2018-02-08,5.379221439361572
2018-02-09,5.739286422729492
2018-02-12,5.639130592346191
2018-02-13,5.7528886795043945
2018-02-14,5.970263957977295
2018-02-15,6.095890045166016
2018-02-16,6.03010892868042
2018-02-20,6.159692764282227
2018-02-21,5.972487926483154
2018-02-22,5.992035865783691
2018-02-23,6.085574626922607
2018-02-26,6.101658344268799
2018-02-27,6.088790416717529
2018-02-28,5.988325595855713
2018-03-01,5.746069431304932
2018-03-02,5.853216171264648
2018-03-05,5.8311944007873535
2018-03-06,5.992284774780273
2018-03-07,5.984366416931152
2018-03-08,5.968033790588379
2018-03-09,6.070725917816162
2018-03-12,6.180347442626953
2018-03-13,6.129619598388672
2018-03-14,6.155108451843262
2018-03-15,6.169954299926758
2018-03-16,6.198163986206055
2018-03-19,5.963580131530762
2018-03-20,6.175893306732178
2018-03-21,6.1506547927856445
2018-03-22,5.984612464904785
2018-03-23,5.764876842498779
2018-03-26,6.049693584442139
2018-03-27,5.5805253982543945
2018-03-28,5.47733736038208
2018-03-29,5.7307281494140625
2018-04-02,5.46991491317749
2018-04-03,5.576319217681885
2018-04-04,5.598340034484863
2018-04-05,5.478081226348877
2018-04-06,5.301648139953613
2018-04-09,5.330351829528809
2018-04-10,5.639666557312012
2018-04-11,5.598340034484863
2018-04-12,5.805211067199707
2018-04-13,5.728501796722412
2018-04-16,5.728254318237305
2018-04-17,5.877961158752441
2018-04-18,5.849011421203613
2018-04-19,5.667627811431885
2018-04-20,5.659462928771973
2018-04-23,5.539944171905518
2018-04-24,5.473626613616943
2018-04-25,5.361285209655762
2018-04-26,5.573102951049805
2018-04-27,5.600568771362305
2018-04-30,5.565183639526367
2018-05-01,5.620611667633057
2018-05-02,5.600074768066406
2018-05-03,5.765371799468994
2018-05-04,5.91557502746582
2018-05-07,6.153622150421143
2018-05-08,6.196186065673828
2018-05-09,6.329314231872559
2018-05-10,6.436954975128174
2018-05-11,6.29838228225708
2018-05-14,6.318920135498047
2018-05-15,6.076418876647949
2018-05-16,6.08755350112915
2018-05-17,6.129619598388672
2018-05-18,6.085822105407715
2018-05-21,6.043752670288086
2018-05-22,6.005648136138916
2018-05-23,6.129201889038086
2018-05-24,6.13291597366333
2018-05-25,6.172285556793213
2018-05-29,6.15519905090332
2018-05-30,6.264145851135254
2018-05-31,6.244337558746338
2018-06-01,6.378786087036133
2018-06-04,6.557804584503174
2018-06-05,6.5632524490356445
2018-06-06,6.565232753753662
2018-06-07,6.509521961212158
2018-06-08,6.494171142578125
2018-06-11,6.453067779541016
2018-06-12,6.501598358154297
2018-06-13,6.497143745422363
2018-06-14,6.608811855316162
2018-06-15,6.567957401275635
2018-06-18,6.563747882843018
2018-06-19,6.441925525665283
2018-06-20,6.494914531707764
2018-06-21,6.366159439086914
2018-06-22,6.213634014129639
2018-06-25,5.920718669891357
2018-06-26,5.9917802810668945
2018-06-27,5.836534023284912
2018-06-28,5.963802337646484
2018-06-29,5.865751266479492
2018-07-02,5.997971534729004
2018-07-03,5.864264488220215
2018-07-05,6.010105133056641
2018-07-06,6.124000549316406
2018-07-09,6.171541690826416
2018-07-10,6.270583629608154
2018-07-11,6.128953456878662
2018-07-12,6.220568656921387
2018-07-13,6.173274993896484
2018-07-16,6.145542621612549
2018-07-17,6.281478404998779
2018-07-18,6.232204914093018
2018-07-19,6.240375518798828
2018-07-20,6.212149620056152
2018-07-23,6.175503253936768
2018-07-24,6.158170223236084
2018-07-25,6.236414432525635
2018-07-26,6.309952735900879
2018-07-27,6.2401275634765625
2018-07-30,6.044768810272217
2018-07-31,6.062844276428223
2018-08-01,6.102707862854004
2018-08-02,6.205463409423828
2018-08-03,6.242108345031738
2018-08-06,6.289896488189697
2018-08-07,6.36219596862793
2018-08-08,6.398594856262207
2018-08-09,6.350064754486084
2018-08-10,6.308713912963867
2018-08-13,6.34164571762085
2018-08-14,6.4731245040893555
2018-08-15,6.414937496185303
2018-08-16,6.374330043792725
2018-08-17,6.061852931976318
2018-08-20,6.1366286277771
2018-08-21,6.2723164558410645
2018-08-22,6.507540702819824
2018-08-23,6.60707950592041
2018-08-24,6.740289688110352
2018-08-27,6.831406593322754
2018-08-28,6.793771266937256
2018-08-29,6.899310111999512
2018-08-30,6.882462024688721
2018-08-31,6.953564643859863
2018-09-04,7.028381824493408
2018-09-05,6.897575378417969
2018-09-06,6.7563629150390625
2018-09-07,6.735057353973389
2018-09-10,6.806158065795898
2018-09-11,6.758345127105713
2018-09-12,6.644384860992432
2018-09-13,6.722174167633057
2018-09-14,6.8482747077941895
2018-09-17,6.786340713500977
2018-09-18,6.71424674987793
2018-09-19,6.738031387329102
2018-09-20,6.596818923950195
2018-09-21,6.52670955657959
2018-09-24,6.582450866699219
2018-09-25,6.649587154388428
2018-09-26,6.612675189971924
2018-09-27,6.624565124511719
2018-09-28,6.961987018585205
2018-10-01,7.168603420257568
2018-10-02,7.097253322601318
2018-10-03,7.103446960449219
2018-10-04,6.91912841796875
2018-10-05,6.68550968170166
2018-10-08,6.584184646606445
2018-10-09,6.57848596572876
2018-10-10,6.086721897125244
2018-10-11,5.825109481811523
2018-10-12,6.107779502868652
2018-10-15,5.831303596496582
2018-10-16,6.090190887451172
2018-10-17,6.021567344665527
2018-10-18,5.9341139793396
2018-10-19,5.677455425262451
2018-10-22,5.72824239730835
2018-10-23,5.47653865814209
2018-10-24,4.940182209014893
2018-10-25,5.149026393890381
2018-10-26,4.912434101104736
2018-10-29,4.598548889160156
2018-10-30,5.029120445251465
2018-10-31,5.223100662231445
2018-11-01,5.40345573425293
2018-11-02,5.324426174163818
2018-11-05,5.2463884353637695
2018-11-06,5.228797912597656
2018-11-07,5.296432018280029
2018-11-08,5.103195667266846
2018-11-09,5.0952677726745605
2018-11-12,4.695662021636963
2018-11-13,4.937705993652344
2018-11-14,4.885183334350586
2018-11-15,5.014009475708008
2018-11-16,4.073587894439697
2018-11-19,3.584796905517578
2018-11-20,3.6933071613311768
2018-11-21,3.5850439071655273
2018-11-23,3.592228889465332
2018-11-26,3.7916600704193115
2018-11-27,3.8085060119628906
2018-11-28,3.9655723571777344
2018-11-29,3.9023356437683105
2018-11-30,4.052865028381348
2018-12-03,4.2167840003967285
2018-12-04,3.896136522293091
2018-12-06,3.9253990650177
2018-12-07,3.660547971725464
2018-12-10,3.7659430503845215
2018-12-11,3.6749320030212402
2018-12-12,3.692538261413574
2018-12-13,3.6922900676727295
2018-12-14,3.631782054901123
2018-12-17,3.5606088638305664
2018-12-18,3.643932580947876
2018-12-19,3.4348790645599365
2018-12-20,3.3503153324127197
2018-12-21,3.2131779193878174
2018-12-24,3.1514289379119873
2018-12-26,3.300717830657959
2018-12-27,3.2528560161590576
2018-12-28,3.314357042312622
2018-12-31,3.3106374740600586
2019-01-02,3.3780899047851562
2019-01-03,3.17399525642395
2019-01-04,3.3773462772369385
2019-01-07,3.556144952774048
2019-01-08,3.467613697052002
2019-01-09,3.535810708999634
2019-01-10,3.601526975631714
2019-01-11,3.690803050994873
2019-01-14,3.7307283878326416
2019-01-15,3.7165932655334473
2019-01-16,3.6910507678985596
2019-01-17,3.762470245361328
2019-01-18,3.8916728496551514
2019-01-22,3.689314365386963
2019-01-23,3.7022104263305664
2019-01-24,3.9142391681671143
2019-01-25,3.971524477005005
2019-01-28,3.4224796295166016
2019-01-29,3.263519287109375
2019-01-30,3.407104730606079
2019-01-31,3.5648250579833984
2019-02-01,3.5891273021698
2019-02-04,3.6994822025299072
2019-02-05,3.7185773849487305
2019-02-06,3.7942140102386475
2019-02-07,3.655836343765259
2019-02-08,3.6744346618652344
2019-02-11,3.631782054901123
2019-02-12,3.7488315105438232
2019-02-13,3.791238307952881
2019-02-14,3.832155466079712
2019-02-15,3.9018404483795166
2019-02-19,3.8844802379608154
2019-02-20,3.9318461418151855
2019-02-21,3.8629062175750732
2019-02-22,3.9477179050445557
2019-02-25,3.935318946838379
2019-02-26,3.895888328552246
2019-02-27,3.853978157043457
2019-02-28,3.8294026851654053
2019-03-01,3.8837685585021973
2019-03-04,3.8919596672058105
2019-03-05,3.885505199432373
2019-03-06,3.774540662765503
2019-03-07,3.7052807807922363
2019-03-08,3.7395384311676025
2019-03-11,4.000194549560547
2019-03-12,4.034451484680176
2019-03-13,4.1858811378479
2019-03-14,4.109916687011719
2019-03-15,4.215421676635742
2019-03-18,4.1940717697143555
2019-03-19,4.361885070800781
2019-03-20,4.329364776611328
2019-03-21,4.566187858581543
2019-03-22,4.406320571899414
2019-03-25,4.313974857330322
2019-03-26,4.390679836273193
2019-03-27,4.381495475769043
2019-03-28,4.4001145362854
2019-03-29,4.457458019256592
2019-04-01,4.5249810218811035
2019-04-02,4.542853832244873
2019-04-03,4.682367324829102
2019-04-04,4.673430919647217
2019-04-05,4.740207672119141
2019-04-08,4.7610602378845215
2019-04-09,4.698253631591797
2019-04-10,4.7687554359436035
2019-04-11,4.75485372543335
2019-04-12,4.716872692108154
2019-04-15,4.585055828094482
2019-04-16,4.672188758850098
2019-04-17,4.649351119995117
2019-04-18,4.62477445602417
2019-04-22,4.678643703460693
2019-04-23,4.7332563400268555
2019-04-24,4.745668888092041
2019-04-25,4.639917850494385
2019-04-26,4.420966625213623
2019-04-29,4.451749324798584
2019-04-30,4.493205547332764
2019-05-01,4.4800496101379395
2019-05-02,4.547571182250977
2019-05-03,4.543102741241455
2019-05-06,4.464658260345459
2019-05-07,4.297342300415039
2019-05-08,4.31744909286499
2019-05-09,4.224853992462158
2019-05-10,4.1908440589904785
2019-05-13,3.9334161281585693
2019-05-14,4.022536754608154
2019-05-15,3.96146821975708
2019-05-16,3.9766108989715576
2019-05-17,3.8857531547546387
2019-05-20,3.7670936584472656
2019-05-21,3.84926176071167
2019-05-22,3.778264045715332
2019-05-23,3.657120943069458
2019-05-24,3.60325288772583
2019-05-28,3.558073043823242
2019-05-29,3.4838476181030273
2019-05-30,3.4572551250457764
2019-05-31,3.3665432929992676
2019-06-03,3.3247909545898438
2019-06-04,3.5539321899414062
2019-06-05,3.51118540763855
2019-06-06,3.573317527770996
2019-06-07,3.6160640716552734
2019-06-10,3.688882350921631
2019-06-11,3.74653959274292
2019-06-12,3.633460760116577
2019-06-13,3.6846580505371094
2019-06-14,3.5946905612945557
2019-06-17,3.6043829917907715
2019-06-18,3.799476385116577
2019-06-19,3.80544114112854
2019-06-20,3.82979679107666
2019-06-21,3.771641731262207
2019-06-24,3.79400897026062
2019-06-25,3.764683246612549
2019-06-26,3.9580368995666504
2019-06-27,4.056702136993408
2019-06-28,4.0815558433532715
2019-07-01,4.129769325256348
2019-07-02,4.031849384307861
2019-07-03,4.044772624969482
2019-07-05,3.9821441173553467
2019-07-08,3.9070887565612793
2019-07-09,3.909574270248413
2019-07-10,3.977919340133667
2019-07-11,4.132503986358643
2019-07-12,4.165555953979492
2019-07-15,4.157106399536133
2019-07-16,4.152384281158447
2019-07-17,4.217747688293457
2019-07-18,4.229427814483643
2019-07-19,4.186183452606201
2019-07-22,4.2577595710754395
2019-07-23,4.365620136260986
2019-07-24,4.440177917480469
2019-07-25,4.308956146240234
2019-07-26,4.350956439971924
2019-07-29,4.3447442054748535
2019-07-30,4.360401153564453
2019-07-31,4.193142414093018
2019-08-01,4.098702430725098
2019-08-02,4.006001949310303
2019-08-05,3.7475345134735107
2019-08-06,3.7863049507141113
2019-08-07,3.8245773315429688
2019-08-08,3.9331843852996826
2019-08-09,3.8317854404449463
2019-08-12,3.763937473297119
2019-08-13,3.8782596588134766
2019-08-14,3.7296414375305176
2019-08-15,3.6973321437835693
2019-08-16,3.9654932022094727
2019-08-19,4.244340419769287
2019-08-20,4.172019004821777
2019-08-21,4.255523681640625
2019-08-22,4.261735916137695
2019-08-23,4.037067890167236
2019-08-26,4.111875534057617
2019-08-27,4.021162986755371
2019-08-28,4.010715007781982
2019-08-29,4.154505252838135
2019-08-30,4.1671929359436035
2019-09-03,4.084101676940918
2019-09-04,4.198288917541504
2019-09-05,4.471441268920898
2019-09-06,4.444324493408203
2019-09-09,4.490347862243652
2019-09-10,4.5570197105407715
2019-09-11,4.585628032684326
2019-09-12,4.584136009216309
2019-09-13,4.526171684265137
2019-09-16,4.483133792877197
2019-09-17,4.504527568817139
2019-09-18,4.477412223815918
2019-09-19,4.401784896850586
2019-09-20,4.296056747436523
2019-09-23,4.349542617797852
2019-09-24,4.292075157165527
2019-09-25,4.4338765144348145
2019-09-26,4.411736011505127
2019-09-27,4.27292013168335
2019-09-30,4.330386161804199
2019-10-01,4.328645706176758
2019-10-02,4.304764270782471
2019-10-03,4.510499954223633
2019-10-04,4.526918888092041
2019-10-07,4.585628032684326
2019-10-08,4.408998966217041
2019-10-09,4.495571613311768
2019-10-10,4.553287982940674
2019-10-11,4.626924991607666
2019-10-14,4.6403584480285645
2019-10-15,4.88515043258667
2019-10-16,4.831415176391602
2019-10-17,4.833406925201416
2019-10-18,4.738872051239014
2019-10-21,4.876195907592773
2019-10-22,4.866243362426758
2019-10-23,4.85330867767334
2019-10-24,4.897339820861816
2019-10-25,5.088398456573486
2019-10-28,5.144372463226318
2019-10-29,5.048096179962158
2019-10-30,5.050086975097656
2019-10-31,5.000829219818115
2019-11-01,5.039887428283691
2019-11-04,5.236666202545166
2019-11-05,5.2145256996154785
2019-11-06,5.165269374847412
2019-11-07,5.182931423187256
2019-11-08,5.16900110244751
2019-11-11,5.178951740264893
2019-11-12,5.2145256996154785
2019-11-13,5.188652992248535
2019-11-14,5.219003677368164
2019-11-15,5.079689979553223
2019-11-18,5.280949115753174
2019-11-19,5.174223899841309
2019-11-20,5.2535810470581055
2019-11-21,5.228706359863281
2019-11-22,5.246368885040283
2019-11-25,5.503101825714111
2019-11-26,5.3983683586120605
2019-11-27,5.433223247528076
2019-11-29,5.395878314971924
2019-12-02,5.209410667419434
2019-12-03,5.169827938079834
2019-12-04,5.213642120361328
2019-12-05,5.196714401245117
2019-12-06,5.282105922698975
2019-12-09,5.282105922698975
2019-12-10,5.327167987823486
2019-12-11,5.410816669464111
2019-12-12,5.57836389541626
2019-12-13,5.5763726234436035
2019-12-16,5.605251789093018
2019-12-17,5.68342399597168
2019-12-18,5.713797092437744
2019-12-19,5.861924648284912
2019-12-20,5.959266662597656
2019-12-23,5.945574760437012
2019-12-24,5.9405951499938965
2019-12-26,5.9547858238220215
2019-12-27,5.897027015686035
2019-12-30,5.783754348754883
2019-12-31,5.8579421043396
2020-01-02,5.972711086273193
2020-01-03,5.877113342285156
2020-01-06,5.901758193969727
2020-01-07,5.973208904266357
2020-01-08,5.984411239624023
2020-01-09,6.050137519836426
2020-01-10,6.082500457763672
2020-01-13,6.2732014656066895
2020-01-14,6.156192779541016
2020-01-15,6.113620758056641
2020-01-16,6.197268962860107
2020-01-17,6.205982685089111
2020-01-21,6.1726226806640625
2020-01-22,6.2266459465026855
2020-01-23,6.295108795166016
2020-01-24,6.235857963562012
2020-01-27,5.979931354522705
2020-01-28,6.17336893081665
2020-01-29,6.112873077392578
2020-01-30,6.119594573974609
2020-01-31,5.886073589324951
2020-02-03,5.983168125152588
2020-02-04,6.152456760406494
2020-02-05,6.242827892303467
2020-02-06,6.329713344573975
2020-02-07,6.263491630554199
2020-02-10,6.546805381774902
2020-02-11,6.669290065765381
2020-02-12,6.785055160522461
2020-02-13,6.741238594055176
2020-02-14,7.214504718780518
2020-02-18,7.383296966552734
2020-02-19,7.834654331207275
2020-02-20,7.685281753540039
2020-02-21,7.321058750152588
2020-02-24,6.803477764129639
2020-02-25,6.523899078369141
2020-02-26,6.663315296173096
2020-02-27,6.292398929595947
2020-02-28,6.727584362030029
2020-03-02,6.886016368865967
2020-03-03,6.6234588623046875
2020-03-04,7.08729362487793
2020-03-05,6.807796955108643
2020-03-06,6.627194404602051
2020-03-09,6.114038467407227
2020-03-10,6.503638744354248
2020-03-11,6.13969612121582
2020-03-12,5.3883957862854
2020-03-13,5.999449729919434
2020-03-16,4.892426013946533
2020-03-17,5.412309646606445
2020-03-18,5.052351474761963
2020-03-19,5.305193901062012
2020-03-20,5.125339508056641
2020-03-23,5.298218250274658
2020-03-24,6.207204818725586
2020-03-25,6.118522644042969
2020-03-26,6.407982349395752
2020-03-27,6.295636177062988
2020-03-30,6.61598539352417
2020-03-31,6.5664143562316895
2020-04-01,6.054999828338623
2020-04-02,6.3638916015625
2020-04-03,6.075925827026367
2020-04-06,6.685984134674072
2020-04-07,6.452571868896484
2020-04-08,6.649862766265869
2020-04-09,6.550220966339111
2020-04-13,6.722104549407959
2020-04-14,7.0733418464660645
2020-04-15,6.995870113372803
2020-04-16,7.34113073348999
2020-04-17,7.281843662261963
2020-04-20,7.1505656242370605
2020-04-21,6.713634967803955
2020-04-22,7.128145217895508
2020-04-23,7.0748372077941895
2020-04-24,7.21383810043335
2020-04-27,7.400417804718018
2020-04-28,7.25792932510376
2020-04-29,7.434793949127197
2020-04-30,7.280847549438477
2020-05-01,7.044196605682373
2020-05-04,7.256186008453369
2020-05-05,7.317216873168945
2020-05-06,7.418103218078613
2020-05-07,7.594470024108887
2020-05-08,7.784538269042969
2020-05-11,8.036632537841797
2020-05-12,7.77457332611084
2020-05-13,7.75215482711792
2020-05-14,8.001757621765137
2020-05-15,8.460360527038574
2020-05-18,8.7189302444458
2020-05-19,8.773981094360352
2020-05-20,8.937895774841309
2020-05-21,8.743844032287598
2020-05-22,8.993943214416504
2020-05-26,8.68655014038086
2020-05-27,8.49473762512207
2020-05-28,8.456624984741211
2020-05-29,8.843732833862305
2020-06-01,8.77472972869873
2020-06-02,8.793663024902344
2020-06-03,8.73811149597168
2020-06-04,8.739109992980957
2020-06-05,8.892131805419922
2020-06-08,8.77748966217041
2020-06-09,9.01773738861084
2020-06-10,9.337484359741211
2020-06-11,8.768768310546875
2020-06-12,8.904590606689453
2020-06-15,9.145087242126465
2020-06-16,9.040167808532715
2020-06-17,9.20714282989502
2020-06-18,9.189200401306152
2020-06-19,9.23231315612793
2020-06-22,9.496983528137207
2020-06-23,9.4204740524292
2020-06-24,9.206645011901855
2020-06-25,9.46035099029541
2020-06-26,9.126396179199219
2020-06-29,9.171257019042969
2020-06-30,9.468074798583984
2020-07-01,9.500224113464355
2020-07-02,9.582218170166016
2020-07-06,9.80850887298584
2020-07-07,9.84090805053711
2020-07-08,10.184080123901367
2020-07-09,10.476166725158691
2020-07-10,10.44650936126709
2020-07-13,10.020840644836426
2020-07-14,10.344575881958008
2020-07-15,10.195296287536621
2020-07-16,10.103083610534668
2020-07-17,10.169626235961914
2020-07-20,10.477910041809082
2020-07-21,10.296231269836426
2020-07-22,10.406135559082031
2020-07-23,10.098100662231445
2020-07-24,10.16264820098877
2020-07-27,10.388938903808594
2020-07-28,10.18358325958252
2020-07-29,10.432802200317383
2020-07-30,10.580839157104492
2020-07-31,10.581586837768555
2020-08-03,10.975851058959961
2020-08-04,11.192669868469238
2020-08-05,11.251486778259277
2020-08-06,11.300084114074707
2020-08-07,11.164509773254395
2020-08-10,11.130115509033203
2020-08-11,10.816100120544434
2020-08-12,11.404504776000977
2020-08-13,11.407247543334961
2020-08-14,11.52786922454834
2020-08-17,12.298455238342285
2020-08-18,12.222441673278809
2020-08-19,12.100574493408203
2020-08-20,12.103067398071289
2020-08-21,12.643874168395996
2020-08-24,12.68050765991211
2020-08-25,12.710163116455078
2020-08-26,12.7330904006958
2020-08-27,12.588797569274902
2020-08-28,13.106670379638672
2020-08-31,13.33271312713623
2020-09-01,13.781938552856445
2020-09-02,14.30595588684082
2020-09-03,12.978715896606445
2020-09-04,12.586827278137207
2020-09-08,11.879332542419434
2020-09-09,12.679064750671387
2020-09-10,12.27695369720459
2020-09-11,12.130122184753418
2020-09-14,12.835869789123535
2020-09-15,12.954286575317383
2020-09-16,12.479130744934082
2020-09-17,12.428276062011719
2020-09-18,12.154800415039062
2020-09-21,12.481877326965332
2020-09-22,12.602033615112305
2020-09-23,12.089486122131348
2020-09-24,12.313100814819336
2020-09-25,12.837367057800293
2020-09-28,12.99815845489502
2020-09-29,13.188371658325195
2020-09-30,13.492260932922363
2020-10-01,13.57602310180664
2020-10-02,13.025334358215332
2020-10-05,13.603944778442383
2020-10-06,13.697677612304688
2020-10-07,13.92453670501709
2020-10-08,13.799637794494629
2020-10-09,13.723856925964355
2020-10-12,14.185794830322266
2020-10-13,14.20798110961914
2020-10-14,14.055413246154785
2020-10-15,13.930520057678223
2020-10-16,13.772466659545898
2020-10-19,13.45960521697998
2020-10-20,13.60693645477295
2020-10-21,13.486527442932129
2020-10-22,13.323238372802734
2020-10-23,13.551841735839844
2020-10-26,13.104108810424805
2020-10-27,13.358890533447266
2020-10-28,12.591313362121582
2020-10-29,12.98719310760498
2020-10-30,12.498576164245605
2020-11-02,12.545194625854492
2020-11-03,12.982705116271973
2020-11-04,13.755264282226562
2020-11-05,14.119980812072754
2020-11-06,14.520845413208008
2020-11-09,13.592226028442383
2020-11-10,12.733911514282227
2020-11-11,13.380077362060547
2020-11-12,13.418718338012695
2020-11-13,13.259422302246094
2020-11-16,13.47705364227295
2020-11-17,13.38431453704834
2020-11-18,13.390798568725586
2020-11-19,13.402265548706055
2020-11-20,13.050762176513672
2020-11-23,13.102864265441895
2020-11-24,12.92112922668457
2020-11-25,13.197344779968262
2020-11-27,13.223771095275879
2020-11-30,13.36362361907959
2020-12-01,13.352158546447754
2020-12-02,13.506219863891602
2020-12-03,13.362088203430176
2020-12-04,13.523926734924316
2020-12-07,13.572303771972656
2020-12-08,13.316203117370605
2020-12-09,12.898014068603516
2020-12-10,12.939409255981445
2020-12-11,12.980306625366211
2020-12-14,13.27505874633789
2020-12-15,13.326676368713379
2020-12-16,13.208975791931152
2020-12-17,13.307475090026855
2020-12-18,13.238401412963867
2020-12-21,13.298498153686523
2020-12-22,13.244632720947266
2020-12-23,12.976316452026367
2020-12-24,12.960855484008789
2020-12-28,12.867341995239258
2020-12-29,12.910483360290527
2020-12-30,13.112471580505371
2020-12-31,13.021951675415039
2021-01-04,13.080303192138672
2021-01-05,13.370814323425293
2021-01-06,12.582565307617188
2021-01-07,13.310216903686523
2021-01-08,13.243138313293457
2021-01-11,13.587015151977539
2021-01-12,13.450610160827637
2021-01-13,13.497493743896484
2021-01-14,13.16683292388916
2021-01-15,12.826945304870605
2021-01-19,12.99227523803711
2021-01-20,13.331913948059082
2021-01-21,13.832393646240234
2021-01-22,13.67778491973877
2021-01-25,13.618683815002441
2021-01-26,13.401238441467285
2021-01-27,12.88504695892334
2021-01-28,13.017962455749512
2021-01-29,12.956865310668945
2021-02-01,13.2034912109375
2021-02-02,13.522431373596191
2021-02-03,13.496246337890625
2021-02-04,13.629655838012695
2021-02-05,13.55659294128418
2021-02-08,14.402195930480957
2021-02-09,14.227141380310059
2021-02-10,14.726871490478516
2021-02-11,15.212141036987305
2021-02-12,14.923376083374023
2021-02-16,15.291439056396484
2021-02-17,14.868264198303223
2021-02-18,14.791459083557129
2021-02-19,14.888710975646973
2021-02-22,14.31940746307373
2021-02-23,14.106199264526367
2021-02-24,14.462294578552246
2021-02-25,13.273810386657715
2021-02-26,13.679781913757324
2021-03-01,13.806710243225098
2021-03-02,13.372310638427734
2021-03-03,12.772335052490234
2021-03-04,12.338933944702148
2021-03-05,12.429950714111328
2021-03-08,11.563901901245117
2021-03-09,12.492866516113281
2021-03-10,12.44097900390625
2021-03-11,12.965079307556152
2021-03-12,12.827881813049316
2021-03-15,13.162398338317871
2021-03-16,13.26218032836914
2021-03-17,13.312067985534668
2021-03-18,12.694671630859375
2021-03-19,12.817652702331543
2021-03-22,13.157407760620117
2021-03-23,13.042160987854004
2021-03-24,12.615346908569336
2021-03-25,12.507834434509277
2021-03-26,12.811166763305664
2021-03-29,12.919929504394531
2021-03-30,12.843596458435059
2021-03-31,13.31905460357666
2021-04-01,13.781540870666504
2021-04-05,13.956905364990234
2021-04-06,13.831181526184082
2021-04-07,14.112565040588379
2021-04-08,14.285683631896973
2021-04-09,14.368502616882324
2021-04-12,15.175735473632812
2021-04-13,15.6452054977417
2021-04-14,15.243585586547852
2021-04-15,16.101953506469727
2021-04-16,15.877695083618164
2021-04-19,15.32815170288086
2021-04-20,15.138067245483398
2021-04-21,15.326902389526367
2021-04-22,14.817770004272461
2021-04-23,15.231861114501953
2021-04-26,15.444145202636719
2021-04-27,15.348106384277344
2021-04-28,15.243335723876953
2021-04-29,15.291230201721191
2021-04-30,14.976667404174805
2021-05-03,14.804298400878906
2021-05-04,14.319859504699707
2021-05-05,14.426874160766602
2021-05-06,14.491233825683594
2021-05-07,14.779851913452148
2021-05-10,14.234548568725586
2021-05-11,14.274957656860352
2021-05-12,13.728407859802246
2021-05-13,13.635358810424805
2021-05-14,14.211846351623535
2021-05-17,14.134516716003418
2021-05-18,13.98509407043457
2021-05-19,14.034985542297363
2021-05-20,14.58053970336914
2021-05-21,14.95895767211914
2021-05-24,15.577853202819824
2021-05-25,15.613524436950684
2021-05-26,15.665660858154297
2021-05-27,15.454124450683594
2021-05-28,16.208967208862305
2021-06-01,16.22892189025879
2021-06-02,16.74155044555664
2021-06-03,16.93263053894043
2021-06-04,17.53980255126953
2021-06-07,17.580463409423828
2021-06-08,17.4188175201416
2021-06-09,17.324251174926758
2021-06-10,17.3908748626709
2021-06-11,17.79033851623535
2021-06-14,17.98345375061035
2021-06-15,17.753658294677734
2021-06-16,17.77536392211914
2021-06-17,18.620704650878906
2021-06-18,18.602245330810547
2021-06-21,18.39116096496582
2021-06-22,18.849760055541992
2021-06-23,19.019926071166992
2021-06-24,19.167882919311523
2021-06-25,18.993728637695312
2021-06-28,19.945859909057617
2021-06-29,19.98752784729004
2021-06-30,19.963319778442383
2021-07-01,20.172414779663086
2021-07-02,20.446874618530273
2021-07-06,20.657957077026367
2021-07-07,20.33184814453125
2021-07-08,19.863765716552734
2021-07-09,20.01097869873047
2021-07-12,20.47232437133789
2021-07-13,20.210338592529297
2021-07-14,19.80263900756836
2021-07-15,18.92910385131836
2021-07-16,18.125429153442383
2021-07-19,18.74296760559082
2021-07-20,18.575546264648438
2021-07-21,19.37198257446289
2021-07-22,19.555622100830078
2021-07-23,19.51969337463379
2021-07-26,19.256210327148438
2021-07-27,19.170377731323242
2021-07-28,19.464801788330078
2021-07-29,19.623491287231445
2021-07-30,19.4608097076416
2021-08-02,19.711320877075195
2021-08-03,19.77618980407715
2021-08-04,20.23429298400879
2021-08-05,20.596580505371094
2021-08-06,20.32611083984375
2021-08-09,20.2552490234375
2021-08-10,19.896953582763672
2021-08-11,19.660417556762695
2021-08-12,19.866012573242188
2021-08-13,20.148460388183594
2021-08-16,19.910926818847656
2021-08-17,19.41988754272461
2021-08-18,19.002708435058594
2021-08-19,19.759225845336914
2021-08-20,20.775230407714844
2021-08-23,21.91499137878418
2021-08-24,21.750316619873047
2021-08-25,22.169490814208984
2021-08-26,22.024778366088867
2021-08-27,22.591665267944336
2021-08-30,22.643564224243164
2021-08-31,22.3450984954834
2021-09-01,22.400997161865234
2021-09-02,22.3560733795166
2021-09-03,22.802282333374023
2021-09-07,22.621606826782227
2021-09-08,22.299177169799805
2021-09-09,22.137470245361328
2021-09-10,22.437931060791016
2021-09-13,22.112510681152344
2021-09-14,22.202350616455078
2021-09-15,22.301172256469727
2021-09-16,22.202350616455078
2021-09-17,21.8609619140625
2021-09-20,21.07536506652832
2021-09-21,21.208126068115234
2021-09-22,21.90188980102539
2021-09-23,22.441923141479492
2021-09-24,22.04163932800293
2021-09-27,21.62139129638672
2021-09-28,20.66210174560547
2021-09-29,20.480424880981445
2021-09-30,20.6790714263916
2021-10-01,20.705026626586914
2021-10-04,19.696826934814453
2021-10-05,20.414541244506836
2021-10-06,20.663103103637695
2021-10-07,21.037433624267578
2021-10-08,20.793865203857422
2021-10-11,20.65810775756836
2021-10-12,20.634151458740234
2021-10-13,20.901674270629883
2021-10-14,21.707237243652344
2021-10-15,21.823028564453125
2021-10-18,22.182390213012695
2021-10-19,22.250268936157227
2021-10-20,22.063600540161133
2021-10-21,22.651548385620117
2021-10-22,22.68548583984375
2021-10-25,23.124704360961914
2021-10-26,24.672935485839844
2021-10-27,24.40741539001465
2021-10-28,24.896541595458984
2021-10-29,25.521427154541016
2021-11-01,25.78095817565918
2021-11-02,26.35393714904785
2021-11-03,26.55058479309082
2021-11-04,29.747880935668945
2021-11-05,29.698963165283203
2021-11-08,30.74909019470215
2021-11-09,30.602346420288086
2021-11-10,29.406484603881836
2021-11-11,30.335824966430664
2021-11-12,30.335824966430664
2021-11-15,29.971479415893555
2021-11-16,30.149158477783203
2021-11-17,29.208837509155273
2021-11-18,31.618532180786133
2021-11-19,32.92619705200195
2021-11-22,31.89903450012207
2021-11-23,31.689409255981445
2021-11-24,32.615753173828125
2021-11-26,31.44684410095215
2021-11-29,33.31650924682617
2021-11-30,32.61775207519531
2021-12-01,31.3828067779541
2021-12-02,32.07265090942383
2021-12-03,30.642038345336914
2021-12-06,29.98712730407715
2021-12-07,32.3731575012207
2021-12-08,31.773160934448242
2021-12-09,30.439374923706055
2021-12-10,30.147859573364258
2021-12-13,28.114242553710938
2021-12-14,28.289953231811523
2021-12-15,30.408428192138672
2021-12-16,28.339866638183594
2021-12-17,27.75484275817871
2021-12-20,27.6729736328125
2021-12-21,29.0267276763916
2021-12-22,29.35118293762207
2021-12-23,29.590787887573242
2021-12-27,30.893617630004883
2021-12-28,30.27165412902832
2021-12-29,29.95118522644043
2021-12-30,29.53687858581543
2021-12-31,29.362167358398438
2022-01-03,30.07098960876465
2022-01-04,29.241371154785156
2022-01-05,27.558170318603516
2022-01-06,28.13121223449707
2022-01-07,27.201757431030273
2022-01-10,27.354509353637695
2022-01-11,27.770814895629883
2022-01-12,27.952512741088867
2022-01-13,26.53087615966797
2022-01-14,26.897268295288086
2022-01-18,25.8599910736084
2022-01-19,25.025379180908203
2022-01-20,24.10990333557129
2022-01-21,23.33519172668457
2022-01-24,23.33319091796875
2022-01-25,22.28693199157715
2022-01-26,22.734189987182617
2022-01-27,21.90756607055664
2022-01-28,22.802078247070312
2022-01-31,24.445344924926758
2022-02-01,24.597089767456055
2022-02-02,25.200090408325195
2022-02-03,23.908235549926758
2022-02-04,24.278621673583984
2022-02-07,24.686941146850586
2022-02-08,25.066308975219727
2022-02-09,26.660659790039062
2022-02-10,25.78112030029297
2022-02-11,23.90923309326172
2022-02-14,24.226707458496094
2022-02-15,26.451007843017578
2022-02-16,26.466981887817383
2022-02-17,24.46630859375
2022-02-18,23.60274314880371
2022-02-22,23.35116195678711
2022-02-23,22.34982681274414
2022-02-24,23.70857048034668
2022-02-25,24.11688804626465
2022-02-28,24.344512939453125
2022-03-01,23.438020706176758
2022-03-02,24.18390464782715
2022-03-03,23.67865753173828
2022-03-04,22.901823043823242
2022-03-07,21.32017707824707
2022-03-08,21.481937408447266
2022-03-09,22.979700088500977
2022-03-10,22.624237060546875
2022-03-11,22.067066192626953
2022-03-14,21.2982120513916
2022-03-15,22.938762664794922
2022-03-16,24.45949935913086
2022-03-17,24.72909164428711
2022-03-18,26.413578033447266
2022-03-21,26.69415855407715
2022-03-22,26.48447036743164
2022-03-23,25.595800399780273
2022-03-24,28.108047485351562
2022-03-25,27.65073013305664
2022-03-28,28.176942825317383
2022-03-29,28.61329460144043
2022-03-30,27.64873504638672
2022-03-31,27.245338439941406
2022-04-01,26.672189712524414
2022-04-04,27.31922721862793
2022-04-05,25.892356872558594
2022-04-06,24.370628356933594
2022-04-07,24.17192268371582
2022-04-08,23.084545135498047
2022-04-11,21.884336471557617
2022-04-12,21.471952438354492
2022-04-13,22.16990852355957
2022-04-14,21.226318359375
2022-04-18,21.75053596496582
2022-04-19,22.1649169921875
2022-04-20,21.449989318847656
2022-04-21,20.152923583984375
2022-04-22,19.48591423034668
2022-04-25,19.87234115600586
2022-04-26,18.76000213623047
2022-04-27,18.387557983398438
2022-04-28,19.752521514892578
2022-04-29,18.519359588623047
2022-05-02,19.50389289855957
2022-05-03,19.572786331176758
2022-05-04,20.303699493408203
2022-05-05,18.815916061401367
2022-05-06,18.647171020507812
2022-05-09,16.924741744995117
2022-05-10,17.568777084350586
2022-05-11,16.605215072631836
2022-05-12,16.150888442993164
2022-05-13,17.679615020751953
2022-05-16,17.23827362060547
2022-05-17,18.149913787841797
2022-05-18,16.91275978088379
2022-05-19,17.09848403930664
2022-05-20,16.669124603271484
2022-05-23,16.872817993164062
2022-05-24,16.129924774169922
2022-05-25,16.949705123901367
2022-05-26,17.82439613342285
2022-05-27,18.782968521118164
2022-05-31,18.644174575805664
2022-06-01,18.292699813842773
2022-06-02,19.56279945373535
2022-06-03,18.692102432250977
2022-06-06,18.75800323486328
2022-06-07,18.897796630859375
2022-06-08,18.624149322509766
2022-06-09,18.02490997314453
2022-06-10,16.952289581298828
2022-06-13,15.626985549926758
2022-06-14,15.815743446350098
2022-06-15,16.505857467651367
2022-06-16,15.581043243408203
2022-06-17,15.859686851501465
2022-06-21,16.544809341430664
2022-06-22,16.33907127380371
2022-06-23,16.20424461364746
2022-06-24,17.104093551635742
2022-06-27,16.8474178314209
2022-06-28,15.961557388305664
2022-06-29,15.522117614746094
2022-06-30,15.139609336853027
2022-07-01,14.50442123413086
2022-07-05,14.94485855102539
2022-07-06,15.110645294189453
2022-07-07,15.837714195251465
2022-07-08,15.817739486694336
2022-07-11,15.13261890411377
2022-07-12,15.062707901000977
2022-07-13,15.144600868225098
2022-07-14,15.352336883544922
2022-07-15,15.741837501525879
2022-07-18,16.080400466918945
2022-07-19,16.970266342163086
2022-07-20,17.78421974182129
2022-07-21,18.02690887451172
2022-07-22,17.29684829711914
2022-07-25,17.002222061157227
2022-07-26,16.511852264404297
2022-07-27,17.76724624633789
2022-07-28,17.960994720458984
2022-07-29,18.139766693115234
2022-08-01,18.41741180419922
2022-08-02,18.502302169799805
2022-08-03,18.868833541870117
2022-08-04,19.190420150756836
2022-08-05,18.96470832824707
2022-08-08,17.770238876342773
2022-08-09,17.064144134521484
2022-08-10,18.0738525390625
2022-08-11,17.919048309326172
2022-08-12,18.68506622314453
2022-08-15,19.007654190063477
2022-08-16,18.85485076904297
2022-08-17,18.311546325683594
2022-08-18,18.748985290527344
2022-08-19,17.8261661529541
2022-08-22,17.012208938598633
2022-08-23,17.159021377563477
2022-08-24,17.199970245361328
2022-08-25,17.89008331298828
2022-08-26,16.23920249938965
2022-08-29,15.780787467956543
2022-08-30,15.448213577270508
2022-08-31,15.074691772460938
2022-09-01,13.919173240661621
2022-09-02,13.629542350769043
2022-09-06,13.447775840759277
2022-09-07,13.700528144836426
2022-09-08,13.976255416870117
2022-09-09,14.372867584228516
2022-09-12,14.490750312805176
2022-09-13,13.118099212646484
2022-09-14,13.115103721618652
2022-09-15,12.91629695892334
2022-09-16,13.185033798217773
2022-09-19,13.368852615356445
2022-09-20,13.163054466247559
2022-09-21,13.247973442077637
2022-09-22,12.548660278320312
2022-09-23,12.503705024719238
2022-09-26,12.215988159179688
2022-09-27,12.400806427001953
2022-09-28,12.723488807678223
2022-09-29,12.207993507385254
2022-09-30,12.127074241638184
2022-10-03,12.49970817565918
2022-10-04,13.154065132141113
2022-10-05,13.196022033691406
2022-10-06,13.117100715637207
2022-10-07,12.06413745880127
2022-10-10,11.65853500366211
2022-10-11,11.574617385864258
2022-10-12,11.488701820373535
2022-10-13,11.948250770568848
2022-10-14,11.215970039367676
2022-10-17,11.876320838928223
2022-10-18,11.955243110656738
2022-10-19,12.039159774780273
2022-10-20,12.182021141052246
2022-10-21,12.453753471374512
2022-10-24,12.586624145507812
2022-10-25,13.247973442077637
2022-10-26,12.883330345153809
2022-10-27,13.163054466247559
2022-10-28,13.820409774780273
2022-10-31,13.483739852905273
2022-11-01,13.529695510864258
2022-11-02,13.206011772155762
2022-11-03,13.407814979553223
2022-11-04,14.142093658447266
2022-11-07,14.28695011138916
2022-11-08,14.587653160095215
2022-11-09,13.762466430664062
2022-11-10,15.734526634216309
2022-11-11,16.310958862304688
2022-11-14,16.27899169921875
2022-11-15,16.649625778198242
2022-11-16,15.894371032714844
2022-11-17,15.661599159240723
2022-11-18,15.393861770629883
2022-11-21,15.301953315734863
2022-11-22,16.022245407104492
2022-11-23,16.502769470214844
2022-11-25,16.25401496887207
2022-11-28,15.81145191192627
2022-11-29,15.623634338378906
2022-11-30,16.910701751708984
2022-12-01,17.122547149658203
2022-12-02,16.86373519897461
2022-12-05,16.597929000854492
2022-12-06,15.975380897521973
2022-12-07,16.10828399658203
2022-12-08,17.156522750854492
2022-12-09,16.9886417388916
2022-12-12,17.522254943847656
2022-12-13,18.058866500854492
2022-12-14,17.661151885986328
2022-12-15,16.939678192138672
2022-12-16,16.5589542388916
2022-12-19,16.2421817779541
2022-12-20,16.07330894470215
2022-12-21,16.489004135131836
2022-12-22,15.327852249145508
2022-12-23,15.1949462890625
2022-12-27,14.110736846923828
2022-12-28,14.025797843933105
2022-12-29,14.592386245727539
2022-12-30,14.603379249572754
2023-01-03,14.304594993591309
2023-01-04,14.738279342651367
2023-01-05,14.254631996154785
2023-01-06,14.848199844360352
2023-01-09,15.6166410446167
2023-01-10,15.897438049316406
2023-01-11,15.989370346069336
2023-01-12,16.49899673461914
2023-01-13,16.88671875
2023-01-17,17.68913459777832
2023-01-18,17.364368438720703
2023-01-19,16.7528133392334
2023-01-20,17.826032638549805
2023-01-23,19.179052352905273
2023-01-24,19.250995635986328
2023-01-25,19.3089542388916
2023-01-26,19.787607192993164
2023-01-27,20.350194931030273
2023-01-30,19.148075103759766
2023-01-31,19.522798538208008
2023-02-01,20.927780151367188
2023-02-02,21.693222045898438
2023-02-03,21.08466339111328
2023-02-06,21.073671340942383
2023-02-07,22.156885147094727
2023-02-08,22.188861846923828
2023-02-09,22.320764541625977
2023-02-10,21.249544143676758
2023-02-13,21.77216339111328
2023-02-14,22.954301834106445
2023-02-15,22.747455596923828
2023-02-16,21.98600959777832
2023-02-17,21.372451782226562
2023-02-21,20.639989852905273
2023-02-22,20.738914489746094
2023-02-23,23.646799087524414
2023-02-24,23.269073486328125
2023-02-27,23.483919143676758
2023-02-28,23.199125289916992
2023-03-01,22.681503295898438
2023-03-02,23.297054290771484
2023-03-03,23.872636795043945
2023-03-06,23.53687858581543
2023-03-07,23.275028228759766
2023-03-08,24.167526245117188
2023-03-09,23.422943115234375
2023-03-10,22.95220184326172
2023-03-13,22.953201293945312
2023-03-14,24.049592971801758
2023-03-15,24.214502334594727
2023-03-16,25.526771545410156
2023-03-17,25.710670471191406
2023-03-20,25.885568618774414
2023-03-21,26.184402465820312
2023-03-22,26.4532527923584
2023-03-23,27.175851821899414
2023-03-24,26.764081954956055
2023-03-27,26.51622200012207
2023-03-28,26.395288467407227
2023-03-29,26.968961715698242
2023-03-30,27.36774444580078
2023-03-31,27.761526107788086
2023-04-03,27.949419021606445
2023-04-04,27.43770408630371
2023-04-05,26.866025924682617
2023-04-06,27.02193832397461
2023-04-10,27.563636779785156
2023-04-11,27.15386390686035
2023-04-12,26.480239868164062
2023-04-13,26.448257446289062
2023-04-14,26.743091583251953
2023-04-17,26.986957550048828
2023-04-18,27.651588439941406
2023-04-19,27.91543960571289
2023-04-20,27.08890151977539
2023-04-21,27.10388946533203
2023-04-24,27.026935577392578
2023-04-25,26.22637939453125
2023-04-26,26.940980911254883
2023-04-27,27.210832595825195
2023-04-28,27.733543395996094
2023-05-01,28.89389419555664
2023-05-02,28.19428253173828
2023-05-03,27.78651237487793
2023-05-04,27.54664421081543
2023-05-05,28.664020538330078
2023-05-08,29.13475799560547
2023-05-09,28.55508041381836
2023-05-10,28.86890983581543
2023-05-11,28.56207847595215
2023-05-12,28.3242130279541
2023-05-15,28.93686866760254
2023-05-16,29.196725845336914
2023-05-17,30.16118621826172
2023-05-18,31.66035270690918
2023-05-19,31.246580123901367
2023-05-22,31.15863037109375
2023-05-23,30.670900344848633
2023-05-24,30.520986557006836
2023-05-25,37.95884323120117
2023-05-26,38.92430114746094
2023-05-30,40.08865737915039
2023-05-31,37.812923431396484
2023-06-01,39.74784469604492
2023-06-02,39.30508804321289
2023-06-05,39.1491813659668
2023-06-06,38.632469177246094
2023-06-07,37.45799255371094
2023-06-08,38.49252700805664
2023-06-09,38.75240707397461
2023-06-12,39.464088439941406
2023-06-13,41.00339126586914
2023-06-14,42.97748947143555
2023-06-15,42.63365173339844
2023-06-16,42.672630310058594
2023-06-20,43.78812026977539
2023-06-21,43.02547073364258
2023-06-22,43.00547790527344
2023-06-23,42.189849853515625
2023-06-26,40.613563537597656
2023-06-27,41.85700225830078
2023-06-28,41.09833908081055
2023-06-29,40.8034782409668
2023-06-30,42.282806396484375
2023-07-03,42.39375686645508
2023-07-05,42.29780578613281
2023-07-06,42.083900451660156
2023-07-07,42.48371124267578
2023-07-10,42.16086196899414
2023-07-11,42.38576126098633
2023-07-12,43.882080078125
2023-07-13,45.95614242553711
2023-07-14,45.4483757019043
2023-07-17,46.439918518066406
2023-07-18,47.472450256347656
2023-07-19,47.05564498901367
2023-07-20,45.49934768676758
2023-07-21,44.28889846801758
2023-07-24,44.591758728027344
2023-07-25,45.65827560424805
2023-07-26,45.43137741088867
2023-07-27,45.87917709350586
2023-07-28,46.72879409790039
2023-07-31,46.707794189453125
2023-08-01,46.485897064208984
2023-08-02,44.24891662597656
2023-08-03,44.49480438232422
2023-08-04,44.65972900390625
2023-08-07,45.39639663696289
2023-08-08,44.643741607666016
2023-08-09,42.534690856933594
2023-08-10,42.368770599365234
2023-08-11,40.836463928222656
2023-08-14,43.733150482177734
2023-08-15,43.92006301879883
2023-08-16,43.466270446777344
2023-08-17,43.32433319091797
2023-08-18,43.279354095458984
2023-08-21,46.94569396972656
2023-08-22,45.64727783203125
2023-08-23,47.094627380371094
2023-08-24,47.1416015625
2023-08-25,45.99711990356445
2023-08-28,46.813751220703125
2023-08-29,48.76186752319336
2023-08-30,49.24165344238281
2023-08-31,49.33261489868164
2023-09-01,48.486995697021484
2023-09-05,48.52597427368164
2023-09-06,47.043521881103516
2023-09-07,46.22382736206055
2023-09-08,45.555076599121094
2023-09-11,45.16122817993164
2023-09-12,44.853336334228516
2023-09-13,45.468109130859375
2023-09-14,45.56407928466797
2023-09-15,43.883697509765625
2023-09-18,43.94967269897461
2023-09-19,43.50383758544922
2023-09-20,42.22331619262695
2023-09-21,41.00177001953125
2023-09-22,41.59454345703125
2023-09-25,42.20631790161133
2023-09-26,41.89543533325195
2023-09-27,42.45222854614258
2023-09-28,43.073001861572266
2023-09-29,43.482845306396484
2023-10-02,44.7653694152832
2023-10-03,43.50083541870117
2023-10-04,44.02465057373047
2023-10-05,44.67140579223633
2023-10-06,45.74500274658203
2023-10-09,45.25618362426758
2023-10-10,45.78099060058594
2023-10-11,46.78861999511719
2023-10-12,46.92757034301758
2023-10-13,45.444114685058594
2023-10-16,46.077884674072266
2023-10-17,43.92168045043945
2023-10-18,42.18033218383789
2023-10-19,42.08536911010742
2023-10-20,41.37163162231445
2023-10-23,42.95904541015625
2023-10-24,43.64678192138672
2023-10-25,41.76348114013672
2023-10-26,40.31102752685547
2023-10-27,40.484962463378906
2023-10-30,41.145713806152344
2023-10-31,40.764854431152344
2023-11-01,42.309288024902344
2023-11-02,43.489845275878906
2023-11-03,44.98828887939453
2023-11-06,45.7340087890625
2023-11-07,45.93793869018555
2023-11-08,46.556705474853516
2023-11-09,46.93256759643555
2023-11-10,48.31705093383789
2023-11-13,48.6019401550293
2023-11-14,49.63755798339844
2023-11-15,48.86984634399414
2023-11-16,49.46162796020508
2023-11-17,49.27969741821289
2023-11-20,50.390281677246094
2023-11-21,49.925453186035156
2023-11-22,48.697906494140625
2023-11-24,47.758262634277344
2023-11-27,48.224090576171875
2023-11-28,47.80324172973633
2023-11-29,48.122127532958984
2023-11-30,46.75263214111328
2023-12-01,46.74763107299805
2023-12-04,45.49309539794922
2023-12-05,46.55280303955078
2023-12-06,45.49009704589844
2023-12-07,46.58279037475586
2023-12-08,47.49253463745117
2023-12-11,46.61378479003906
2023-12-12,47.64349365234375
2023-12-13,48.074371337890625
2023-12-14,48.3362922668457
2023-12-15,48.87614440917969
2023-12-18,50.062801361083984
2023-12-19,49.58993911743164
2023-12-20,48.09735870361328
2023-12-21,48.97611618041992
2023-12-22,48.816162109375
2023-12-26,49.26502990722656
2023-12-27,49.40298843383789
2023-12-28,49.507965087890625
2023-12-29,49.507965087890625
2024-01-02,48.15434646606445
2024-01-03,47.555519104003906
2024-01-04,47.984397888183594
2024-01-05,49.08308029174805
2024-01-08,52.23818588256836
2024-01-09,53.12493896484375
2024-01-10,54.3345947265625
2024-01-11,54.806461334228516
2024-01-12,54.694488525390625
2024-01-16,56.36602020263672
2024-01-17,56.037113189697266
2024-01-18,57.090816497802734
2024-01-19,59.4741325378418
2024-01-22,59.637088775634766
2024-01-23,59.85603332519531
2024-01-24,61.3446044921875
2024-01-25,61.59953689575195
2024-01-26,61.013702392578125
2024-01-29,62.447296142578125
2024-01-30,62.75620651245117
2024-01-31,61.50956344604492
2024-02-01,63.00913619995117
2024-02-02,66.14124298095703
2024-02-05,69.3123550415039
2024-02-06,68.20366668701172
2024-02-07,70.0791244506836
2024-02-08,69.62125396728516
2024-02-09,72.11256408691406
2024-02-12,72.22752380371094
2024-02-13,72.10755920410156
2024-02-14,73.87906646728516
2024-02-15,72.63740539550781
2024-02-16,72.59241485595703
2024-02-20,69.43231201171875
2024-02-21,67.452880859375
2024-02-22,78.5157470703125
2024-02-23,78.7946548461914
2024-02-26,79.06958770751953
2024-02-27,78.6786880493164
2024-02-28,77.6409912109375
2024-02-29,79.0895767211914
2024-03-01,82.25567626953125
2024-03-04,85.21284484863281
2024-03-05,85.94366455078125
2024-03-06,88.67901611328125
2024-03-07,92.64707946777344
2024-03-08,87.5073013305664
2024-03-11,85.75370788574219
2024-03-12,91.89126586914062
2024-03-13,90.86650085449219
2024-03-14,87.9231948852539
2024-03-15,87.81622314453125
2024-03-18,88.43407440185547
2024-03-19,89.37686157226562
2024-03-20,90.35062408447266
2024-03-21,91.41336822509766
2024-03-22,94.26669311523438
2024-03-25,94.97952270507812
2024-03-26,92.53910064697266
2024-03-27,90.22865295410156
2024-03-28,90.33462524414062
2024-04-01,90.34162139892578
2024-04-02,89.43083953857422
2024-04-03,88.94295501708984
2024-04-04,85.88467407226562
2024-04-05,87.9871826171875
2024-04-08,87.11238861083984
2024-04-09,85.33380126953125
2024-04-10,87.0184097290039
2024-04-11,90.59456634521484
2024-04-12,88.1651382446289
2024-04-15,85.98065185546875
2024-04-16,87.39432525634766
2024-04-17,84.01512145996094
2024-04-18,84.65097045898438
2024-04-19,76.18197631835938
2024-04-22,79.49919128417969
2024-04-23,82.40350341796875
2024-04-24,79.65814971923828
2024-04-25,82.61246490478516
2024-04-26,87.71424865722656
2024-04-29,87.73623657226562
2024-04-30,86.38156127929688
2024-05-01,83.02135467529297
2024-05-02,85.79669952392578
2024-05-03,88.76799774169922
2024-05-06,92.11820220947266
2024-05-07,90.53257751464844
2024-05-08,90.39060974121094
2024-05-09,88.72601318359375
2024-05-10,89.85673522949219
2024-05-13,90.37762451171875
2024-05-14,91.33439636230469
2024-05-15,94.60760498046875
2024-05-16,94.33667755126953
2024-05-17,92.45712280273438
2024-05-20,94.75758361816406
2024-05-21,95.36344146728516
2024-05-22,94.92753601074219
2024-05-23,103.77445220947266
2024-05-24,106.44380950927734
2024-05-28,113.87405395507812
2024-05-29,114.79783630371094
2024-05-30,110.47386169433594
2024-05-31,109.60707092285156
2024-06-03,114.97279357910156
2024-06-04,116.40945434570312
2024-06-05,122.4110336303711
2024-06-06,120.9693832397461
2024-06-07,120.85940551757812
2024-06-10,121.76119232177734
2024-06-11,120.8913345336914
2024-06-12,125.18065643310547
2024-06-13,129.58999633789062
2024-06-14,131.85963439941406
2024-06-17,130.95977783203125
2024-06-18,135.55906677246094
2024-06-20,130.75979614257812
2024-06-21,126.55045318603516
2024-06-24,118.09175872802734
2024-06-25,126.07052612304688
2024-06-26,126.38047790527344
2024-06-27,123.9708480834961
2024-06-28,123.52091979980469
2024-07-01,124.28080749511719
2024-07-02,122.65105438232422
2024-07-03,128.26019287109375
2024-07-05,125.8105697631836
2024-07-08,128.18019104003906
2024-07-09,131.35972595214844
2024-07-10,134.88917541503906
2024-07-11,127.38032531738281
2024-07-12,129.2200469970703
2024-07-15,128.420166015625
2024-07-16,126.34048461914062
2024-07-17,117.97177124023438
2024-07-18,121.07129669189453
2024-07-19,117.91178894042969
2024-07-22,123.52091979980469
2024-07-23,122.5710678100586
2024-07-24,114.23235321044922
2024-07-25,112.26265716552734
2024-07-26,113.04254150390625
2024-07-29,111.57276153564453
2024-07-30,103.71398162841797
2024-07-31,117.00192260742188
2024-08-01,109.1931381225586
2024-08-02,107.25342559814453
2024-08-05,100.43448638916016
2024-08-06,104.23389434814453
2024-08-07,98.89472961425781
2024-08-08,104.95378875732422
2024-08-09,104.73382568359375
2024-08-12,109.00315856933594
2024-08-13,116.12206268310547
2024-08-14,118.061767578125
2024-08-15,122.84102630615234
2024-08-16,124.56076049804688
2024-08-19,129.97991943359375
2024-08-20,127.23035430908203
2024-08-21,128.48016357421875
2024-08-22,123.72088623046875
2024-08-23,129.3500213623047
2024-08-26,126.44046783447266
2024-08-27,128.2801971435547
2024-08-28,125.59060668945312
2024-08-29,117.57183837890625
2024-08-30,119.35157012939453
2024-09-03,107.98332214355469
2024-09-04,106.19359588623047
2024-09-05,107.19344329833984
2024-09-06,102.81411743164062
2024-09-09,106.45355224609375
2024-09-10,108.08330535888672
2024-09-11,116.8919448852539
2024-09-12,119.13179016113281
2024-09-13,119.09178924560547
2024-09-16,116.7719497680664
2024-09-17,115.58203125
2024-09-18,113.36219024658203
2024-09-19,117.86187744140625
2024-09-20,115.99200439453125
2024-09-23,116.25199127197266
2024-09-24,120.8616714477539
2024-09-25,123.50149536132812
2024-09-26,124.03145599365234
2024-09-27,121.39163970947266
2024-09-30,121.43163299560547
2024-10-01,116.99193572998047
2024-10-02,118.84181213378906
2024-10-03,122.84153747558594
2024-10-04,124.91139221191406
2024-10-07,127.7112045288086
2024-10-08,132.88084411621094
2024-10-09,132.64085388183594
2024-10-10,134.8007049560547
2024-10-11,134.79071044921875
2024-10-14,138.0605010986328
2024-10-15,131.5909423828125
2024-10-16,135.7106475830078
2024-10-17,136.92056274414062
2024-10-18,137.99049377441406
2024-10-21,143.70010375976562
2024-10-22,143.58010864257812
2024-10-23,139.55038452148438
2024-10-24,140.40032958984375
2024-10-25,141.53024291992188
2024-10-28,140.51031494140625
2024-10-29,141.24026489257812
2024-10-30,139.3303985595703
2024-10-31,132.7508544921875
2024-11-01,135.3906707763672
2024-11-04,136.04063415527344
2024-11-05,139.90036010742188
2024-11-06,145.59996032714844
2024-11-07,148.8697509765625
2024-11-08,147.6198272705078
2024-11-11,145.24998474121094
2024-11-12,148.27976989746094
2024-11-13,146.25991821289062
2024-11-14,146.7498779296875
2024-11-15,141.97021484375
2024-11-18,140.1403350830078
2024-11-19,146.99986267089844
2024-11-20,145.87994384765625
2024-11-21,146.65989685058594
2024-11-22,141.94021606445312
2024-11-25,136.01063537597656
2024-11-26,136.9105682373047
2024-11-27,135.33067321777344
2024-11-29,138.240478515625
2024-12-02,138.62045288085938
2024-12-03,140.25033569335938
2024-12-04,145.1300048828125
2024-12-05,145.05999755859375
2024-12-06,142.44000244140625
2024-12-09,138.80999755859375
2024-12-10,135.07000732421875
2024-12-11,139.30999755859375
2024-12-12,137.33999633789062
2024-12-13,134.25
2024-12-16,132.0
2024-12-17,130.38999938964844
2024-12-18,128.91000366210938
2024-12-19,130.67999267578125
2024-12-20,134.6999969482422
2024-12-23,139.6699981689453
2024-12-24,140.22000122070312
2024-12-26,139.92999267578125
2024-12-27,137.00999450683594
2024-12-30,137.49000549316406
2024-12-31,134.2899932861328
2025-01-02,138.30999755859375
2025-01-03,144.47000122070312
2025-01-06,149.42999267578125
2025-01-07,140.13999938964844
2025-01-08,140.11000061035156
2025-01-10,135.91000366210938
2025-01-13,133.22999572753906
2025-01-14,131.75999450683594
2025-01-15,136.24000549316406
2025-01-16,133.57000732421875
2025-01-17,137.7100067138672
2025-01-21,140.8300018310547
2025-01-22,147.07000732421875
2025-01-23,147.22000122070312
2025-01-24,142.6199951171875
2025-01-27,118.41999816894531
2025-01-28,128.99000549316406
2025-01-29,123.69999694824219
2025-01-30,124.6500015258789
2025-01-31,120.06999969482422
2025-02-03,116.66000366210938
